АДСОРБИРОВАТЬ	115224-V	UNKNOWN
АДСОРБИРОВАТЬ	117077-V	UNKNOWN
АДСОРБИРОВАТЬ	111881-V	UNKNOWN
АДСОРБИРОВАТЬ	111330-V	UNKNOWN
АДСОРБИРОВАТЬ	133166-V	UNKNOWN
АДСОРБИРОВАТЬ	4164-V	UNKNOWN
АДСОРБИРОВАТЬ	132850-V	UNKNOWN
АДСОРБИРОВАТЬ	114966-V	UNKNOWN
АДСОРБИРОВАТЬ	111770-V	UNKNOWN
АДСОРБИРОВАТЬ	116126-V	UNKNOWN
АКАТЬ	107106-V	UNKNOWN
АКАТЬ	107358-V	UNKNOWN
АКАТЬ	115041-V	UNKNOWN
АКАТЬ	107095-V	UNKNOWN
АКАТЬ	112574-V	UNKNOWN
АКАТЬ	113288-V	UNKNOWN
АКАТЬ	132053-V	UNKNOWN
АКАТЬ	112461-V	UNKNOWN
АКАТЬ	107402-V	UNKNOWN
АКАТЬ	107362-V	UNKNOWN
АКТИРОВАТЬ	118601-V	UNKNOWN
АКТИРОВАТЬ	153116-V	UNKNOWN
АКТИРОВАТЬ	120107-V	UNKNOWN
АКТИРОВАТЬ	116303-V	UNKNOWN
АКТИРОВАТЬ	124971-V	UNKNOWN
АКТИРОВАТЬ	107692-V	UNKNOWN
АКТИРОВАТЬ	118602-V	UNKNOWN
АКТИРОВАТЬ	120751-V	UNKNOWN
АКТИРОВАТЬ	106457-V	UNKNOWN
АКТИРОВАТЬ	122242-V	UNKNOWN
АЛЕТЬ	132053-V	UNKNOWN
АЛЕТЬ	112461-V	UNKNOWN
АЛЕТЬ	115041-V	UNKNOWN
АЛЕТЬ	107095-V	UNKNOWN
АЛЕТЬ	107362-V	UNKNOWN
АЛЕТЬ	121214-V	UNKNOWN
АЛЕТЬ	130108-V	UNKNOWN
АЛЕТЬ	114745-V	UNKNOWN
АЛЕТЬ	113042-V	UNKNOWN
АЛЕТЬ	112574-V	UNKNOWN
АННИГИЛИРОВАТЬ	111360-V	UNKNOWN
АННИГИЛИРОВАТЬ	111361-V	UNKNOWN
АННИГИЛИРОВАТЬ	116876-V	UNKNOWN
АННИГИЛИРОВАТЬ	117454-V	UNKNOWN
АННИГИЛИРОВАТЬ	120406-V	UNKNOWN
АННИГИЛИРОВАТЬ	111951-V	UNKNOWN
АННИГИЛИРОВАТЬ	142986-V	UNKNOWN
АННИГИЛИРОВАТЬ	111950-V	UNKNOWN
АННИГИЛИРОВАТЬ	118205-V	UNKNOWN
АННИГИЛИРОВАТЬ	137731-V	UNKNOWN
АННОТИРОВАТЬ	121723-V	UNKNOWN
АННОТИРОВАТЬ	142912-V	UNKNOWN
АННОТИРОВАТЬ	114457-V	UNKNOWN
АННОТИРОВАТЬ	106887-V	UNKNOWN
АННОТИРОВАТЬ	119932-V	UNKNOWN
АННОТИРОВАТЬ	142846-V	UNKNOWN
АННОТИРОВАТЬ	143705-V	UNKNOWN
АННОТИРОВАТЬ	124452-V	UNKNOWN
АННОТИРОВАТЬ	140796-V	UNKNOWN
АННОТИРОВАТЬ	138267-V	UNKNOWN
АУКАТЬСЯ	112461-V	UNKNOWN
АУКАТЬСЯ	132053-V	UNKNOWN
АУКАТЬСЯ	114745-V	UNKNOWN
АУКАТЬСЯ	112574-V	UNKNOWN
АУКАТЬСЯ	130108-V	UNKNOWN
АУКАТЬСЯ	107095-V	UNKNOWN
АУКАТЬСЯ	121214-V	UNKNOWN
АУКАТЬСЯ	115041-V	UNKNOWN
АУКАТЬСЯ	125102-V	UNKNOWN
АУКАТЬСЯ	107097-V	UNKNOWN
БЕРЕДИТЬ	110237-V	UNKNOWN
БЕРЕДИТЬ	137794-V	UNKNOWN
БЕРЕДИТЬ	121265-V	UNKNOWN
БЕРЕДИТЬ	118571-V	UNKNOWN
БЕРЕДИТЬ	128589-V	UNKNOWN
БЕРЕДИТЬ	131067-V	UNKNOWN
БЕРЕДИТЬ	140767-V	UNKNOWN
БЕРЕДИТЬ	120973-V	UNKNOWN
БЕРЕДИТЬ	123895-V	UNKNOWN
БЕРЕДИТЬ	115601-V	UNKNOWN
БИЧЕВАТЬ	118901-V	UNKNOWN
БИЧЕВАТЬ	4547-V	UNKNOWN
БИЧЕВАТЬ	114419-V	UNKNOWN
БИЧЕВАТЬ	112731-V	UNKNOWN
БИЧЕВАТЬ	117689-V	UNKNOWN
БИЧЕВАТЬ	131680-V	UNKNOWN
БИЧЕВАТЬ	137222-V	UNKNOWN
БИЧЕВАТЬ	125999-V	UNKNOWN
БИЧЕВАТЬ	123602-V	UNKNOWN
БИЧЕВАТЬ	5704-V	UNKNOWN
БЛОКИРОВАТЬСЯ	142057-V	UNKNOWN
БЛОКИРОВАТЬСЯ	151497-V	UNKNOWN
БЛОКИРОВАТЬСЯ	115176-V	UNKNOWN
БЛОКИРОВАТЬСЯ	125235-V	UNKNOWN
БЛОКИРОВАТЬСЯ	111973-V	UNKNOWN
БЛОКИРОВАТЬСЯ	131229-V	UNKNOWN
БЛОКИРОВАТЬСЯ	117998-V	UNKNOWN
БЛОКИРОВАТЬСЯ	134386-V	UNKNOWN
БЛОКИРОВАТЬСЯ	106489-V	UNKNOWN
БЛОКИРОВАТЬСЯ	117426-V	UNKNOWN
БРЯЦАТЬ	116251-V	UNKNOWN
БРЯЦАТЬ	134139-V	UNKNOWN
БРЯЦАТЬ	118256-V	UNKNOWN
БРЯЦАТЬ	113841-V	UNKNOWN
БРЯЦАТЬ	121041-V	UNKNOWN
БРЯЦАТЬ	144443-V	UNKNOWN
БРЯЦАТЬ	125900-V	UNKNOWN
БРЯЦАТЬ	118257-V	UNKNOWN
БРЯЦАТЬ	107358-V	UNKNOWN
БРЯЦАТЬ	114585-V	UNKNOWN
БУЛЬКАТЬ	134139-V	UNKNOWN
БУЛЬКАТЬ	117977-V	UNKNOWN
БУЛЬКАТЬ	153964-V	UNKNOWN
БУЛЬКАТЬ	125999-V	UNKNOWN
БУЛЬКАТЬ	108945-V	UNKNOWN
БУЛЬКАТЬ	144443-V	UNKNOWN
БУЛЬКАТЬ	118656-V	UNKNOWN
БУЛЬКАТЬ	110723-V	UNKNOWN
БУЛЬКАТЬ	118915-V	UNKNOWN
БУЛЬКАТЬ	140767-V	UNKNOWN
БУТИЛИРОВАТЬ	116563-V	UNKNOWN
БУТИЛИРОВАТЬ	112263-V	UNKNOWN
БУТИЛИРОВАТЬ	129062-V	UNKNOWN
БУТИЛИРОВАТЬ	135460-V	UNKNOWN
БУТИЛИРОВАТЬ	111839-V	UNKNOWN
БУТИЛИРОВАТЬ	150539-V	UNKNOWN
БУТИЛИРОВАТЬ	8713-V	UNKNOWN
БУТИЛИРОВАТЬ	112264-V	UNKNOWN
БУТИЛИРОВАТЬ	114245-V	UNKNOWN
БУТИЛИРОВАТЬ	153408-V	UNKNOWN
ВАЛЬСИРОВАТЬ	110443-V	UNKNOWN
ВАЛЬСИРОВАТЬ	110449-V	UNKNOWN
ВАЛЬСИРОВАТЬ	117899-V	UNKNOWN
ВАЛЬСИРОВАТЬ	134130-V	UNKNOWN
ВАЛЬСИРОВАТЬ	116257-V	UNKNOWN
ВАЛЬСИРОВАТЬ	119595-V	UNKNOWN
ВАЛЬСИРОВАТЬ	132606-V	UNKNOWN
ВАЛЬСИРОВАТЬ	154256-V	UNKNOWN
ВАЛЬСИРОВАТЬ	130372-V	UNKNOWN
ВАЛЬСИРОВАТЬ	125999-V	UNKNOWN
ВВЕРНУТЬ	127409-V	UNKNOWN
ВВЕРНУТЬ	116312-V	UNKNOWN
ВВЕРНУТЬ	117766-V	UNKNOWN
ВВЕРНУТЬ	120820-V	UNKNOWN
ВВЕРНУТЬ	144001-V	UNKNOWN
ВВЕРНУТЬ	133678-V	UNKNOWN
ВВЕРНУТЬ	119772-V	UNKNOWN
ВВЕРНУТЬ	106889-V	UNKNOWN
ВВЕРНУТЬ	123589-V	UNKNOWN
ВВЕРНУТЬ	117583-V	UNKNOWN
ВДУТЬ	115159-V	UNKNOWN
ВДУТЬ	130068-V	UNKNOWN
ВДУТЬ	115724-V	UNKNOWN
ВДУТЬ	116082-V	UNKNOWN
ВДУТЬ	111886-V	UNKNOWN
ВДУТЬ	117817-V	UNKNOWN
ВДУТЬ	116662-V	UNKNOWN
ВДУТЬ	118363-V	UNKNOWN
ВДУТЬ	149600-V	UNKNOWN
ВДУТЬ	125532-V	UNKNOWN
ВЕТВИТЬСЯ	129771-V	UNKNOWN
ВЕТВИТЬСЯ	129772-V	UNKNOWN
ВЕТВИТЬСЯ	131416-V	UNKNOWN
ВЕТВИТЬСЯ	115307-V	UNKNOWN
ВЕТВИТЬСЯ	134348-V	UNKNOWN
ВЕТВИТЬСЯ	128605-V	UNKNOWN
ВЕТВИТЬСЯ	130172-V	UNKNOWN
ВЕТВИТЬСЯ	118005-V	UNKNOWN
ВЕТВИТЬСЯ	134450-V	UNKNOWN
ВЕТВИТЬСЯ	125737-V	UNKNOWN
ВЗДЫБИТЬСЯ	112976-V	UNKNOWN
ВЗДЫБИТЬСЯ	114934-V	UNKNOWN
ВЗДЫБИТЬСЯ	106881-V	UNKNOWN
ВЗДЫБИТЬСЯ	120973-V	UNKNOWN
ВЗДЫБИТЬСЯ	119943-V	UNKNOWN
ВЗДЫБИТЬСЯ	117811-V	UNKNOWN
ВЗДЫБИТЬСЯ	117674-V	UNKNOWN
ВЗДЫБИТЬСЯ	115298-V	UNKNOWN
ВЗДЫБИТЬСЯ	127308-V	UNKNOWN
ВЗДЫБИТЬСЯ	123895-V	UNKNOWN
ВКАПЫВАТЬ	115965-V	UNKNOWN
ВКАПЫВАТЬ	119109-V	UNKNOWN
ВКАПЫВАТЬ	131480-V	UNKNOWN
ВКАПЫВАТЬ	116662-V	UNKNOWN
ВКАПЫВАТЬ	117359-V	UNKNOWN
ВКАПЫВАТЬ	125532-V	UNKNOWN
ВКАПЫВАТЬ	125751-V	UNKNOWN
ВКАПЫВАТЬ	149600-V	UNKNOWN
ВКАПЫВАТЬ	144634-V	UNKNOWN
ВКАПЫВАТЬ	130303-V	UNKNOWN
ВКОПАТЬ	110916-V	UNKNOWN
ВКОПАТЬ	118326-V	UNKNOWN
ВКОПАТЬ	111020-V	UNKNOWN
ВКОПАТЬ	111163-V	UNKNOWN
ВКОПАТЬ	151282-V	UNKNOWN
ВКОПАТЬ	127243-V	UNKNOWN
ВКОПАТЬ	130445-V	UNKNOWN
ВКОПАТЬ	111863-V	UNKNOWN
ВКОПАТЬ	150138-V	UNKNOWN
ВКОПАТЬ	120232-V	UNKNOWN
ВМУРОВАТЬ	114832-V	UNKNOWN
ВМУРОВАТЬ	111886-V	UNKNOWN
ВМУРОВАТЬ	115159-V	UNKNOWN
ВМУРОВАТЬ	114439-V	UNKNOWN
ВМУРОВАТЬ	111576-V	UNKNOWN
ВМУРОВАТЬ	144775-V	UNKNOWN
ВМУРОВАТЬ	111578-V	UNKNOWN
ВМУРОВАТЬ	116662-V	UNKNOWN
ВМУРОВАТЬ	114568-V	UNKNOWN
ВМУРОВАТЬ	132740-V	UNKNOWN
ВОСПАРИТЬ	127308-V	UNKNOWN
ВОСПАРИТЬ	117469-V	UNKNOWN
ВОСПАРИТЬ	106881-V	UNKNOWN
ВОСПАРИТЬ	120973-V	UNKNOWN
ВОСПАРИТЬ	125999-V	UNKNOWN
ВОСПАРИТЬ	117674-V	UNKNOWN
ВОСПАРИТЬ	154747-V	UNKNOWN
ВОСПАРИТЬ	125741-V	UNKNOWN
ВОСПАРИТЬ	123895-V	UNKNOWN
ВОСПАРИТЬ	143733-V	UNKNOWN
ВПОЛЗАТЬ	111599-V	UNKNOWN
ВПОЛЗАТЬ	127494-V	UNKNOWN
ВПОЛЗАТЬ	111094-V	UNKNOWN
ВПОЛЗАТЬ	152910-V	UNKNOWN
ВПОЛЗАТЬ	107469-V	UNKNOWN
ВПОЛЗАТЬ	116840-V	UNKNOWN
ВПОЛЗАТЬ	144457-V	UNKNOWN
ВПОЛЗАТЬ	116310-V	UNKNOWN
ВПОЛЗАТЬ	116044-V	UNKNOWN
ВПОЛЗАТЬ	107470-V	UNKNOWN
ВПОЛЗТИ	127494-V	UNKNOWN
ВПОЛЗТИ	125802-V	UNKNOWN
ВПОЛЗТИ	117936-V	UNKNOWN
ВПОЛЗТИ	125801-V	UNKNOWN
ВПОЛЗТИ	124720-V	UNKNOWN
ВПОЛЗТИ	132760-V	UNKNOWN
ВПОЛЗТИ	144634-V	UNKNOWN
ВПОЛЗТИ	139436-V	UNKNOWN
ВПОЛЗТИ	116842-V	UNKNOWN
ВПОЛЗТИ	133619-V	UNKNOWN
ВПРАВЛЯТЬ	129762-V	UNKNOWN
ВПРАВЛЯТЬ	130466-V	UNKNOWN
ВПРАВЛЯТЬ	106489-V	UNKNOWN
ВПРАВЛЯТЬ	117375-V	UNKNOWN
ВПРАВЛЯТЬ	111362-V	UNKNOWN
ВПРАВЛЯТЬ	126166-V	UNKNOWN
ВПРАВЛЯТЬ	117376-V	UNKNOWN
ВПРАВЛЯТЬ	123550-V	UNKNOWN
ВПРАВЛЯТЬ	116159-V	UNKNOWN
ВПРАВЛЯТЬ	111365-V	UNKNOWN
ВРЕДНИЧАТЬ	125197-V	UNKNOWN
ВРЕДНИЧАТЬ	125999-V	UNKNOWN
ВРЕДНИЧАТЬ	123602-V	UNKNOWN
ВРЕДНИЧАТЬ	131680-V	UNKNOWN
ВРЕДНИЧАТЬ	120074-V	UNKNOWN
ВРЕДНИЧАТЬ	130372-V	UNKNOWN
ВРЕДНИЧАТЬ	135439-V	UNKNOWN
ВРЕДНИЧАТЬ	125726-V	UNKNOWN
ВРЕДНИЧАТЬ	120352-V	UNKNOWN
ВРЕДНИЧАТЬ	129762-V	UNKNOWN
ВСКЛОКОЧИТЬ	117545-V	UNKNOWN
ВСКЛОКОЧИТЬ	144368-V	UNKNOWN
ВСКЛОКОЧИТЬ	134139-V	UNKNOWN
ВСКЛОКОЧИТЬ	125999-V	UNKNOWN
ВСКЛОКОЧИТЬ	113841-V	UNKNOWN
ВСКЛОКОЧИТЬ	124429-V	UNKNOWN
ВСКЛОКОЧИТЬ	124595-V	UNKNOWN
ВСКЛОКОЧИТЬ	130346-V	UNKNOWN
ВСКЛОКОЧИТЬ	114589-V	UNKNOWN
ВСКЛОКОЧИТЬ	119786-V	UNKNOWN
ВСКРИЧАТЬ	111859-V	UNKNOWN
ВСКРИЧАТЬ	125833-V	UNKNOWN
ВСКРИЧАТЬ	139834-V	UNKNOWN
ВСКРИЧАТЬ	107094-V	UNKNOWN
ВСКРИЧАТЬ	148998-V	UNKNOWN
ВСКРИЧАТЬ	119190-V	UNKNOWN
ВСКРИЧАТЬ	106877-V	UNKNOWN
ВСКРИЧАТЬ	138482-V	UNKNOWN
ВСКРИЧАТЬ	151387-V	UNKNOWN
ВСКРИЧАТЬ	121052-V	UNKNOWN
ВСПЕНИТЬ	112386-V	UNKNOWN
ВСПЕНИТЬ	114589-V	UNKNOWN
ВСПЕНИТЬ	152828-V	UNKNOWN
ВСПЕНИТЬ	117689-V	UNKNOWN
ВСПЕНИТЬ	124868-V	UNKNOWN
ВСПЕНИТЬ	116221-V	UNKNOWN
ВСПЕНИТЬ	115103-V	UNKNOWN
ВСПЕНИТЬ	126461-V	UNKNOWN
ВСПЕНИТЬ	132984-V	UNKNOWN
ВСПЕНИТЬ	125767-V	UNKNOWN
ВСПОРХНУТЬ	120547-V	UNKNOWN
ВСПОРХНУТЬ	116648-V	UNKNOWN
ВСПОРХНУТЬ	116728-V	UNKNOWN
ВСПОРХНУТЬ	124589-V	UNKNOWN
ВСПОРХНУТЬ	111164-V	UNKNOWN
ВСПОРХНУТЬ	134139-V	UNKNOWN
ВСПОРХНУТЬ	120616-V	UNKNOWN
ВСПОРХНУТЬ	114589-V	UNKNOWN
ВСПОРХНУТЬ	116512-V	UNKNOWN
ВСПОРХНУТЬ	130346-V	UNKNOWN
ВТЮХИВАТЬ	114805-V	UNKNOWN
ВТЮХИВАТЬ	125754-V	UNKNOWN
ВТЮХИВАТЬ	111888-V	UNKNOWN
ВТЮХИВАТЬ	132766-V	UNKNOWN
ВТЮХИВАТЬ	117067-V	UNKNOWN
ВТЮХИВАТЬ	116662-V	UNKNOWN
ВТЮХИВАТЬ	125751-V	UNKNOWN
ВТЮХИВАТЬ	116658-V	UNKNOWN
ВТЮХИВАТЬ	115159-V	UNKNOWN
ВТЮХИВАТЬ	114777-V	UNKNOWN
ВЧИНИТЬ	117067-V	UNKNOWN
ВЧИНИТЬ	9444-V	UNKNOWN
ВЧИНИТЬ	142805-V	UNKNOWN
ВЧИНИТЬ	111431-V	UNKNOWN
ВЧИНИТЬ	126233-V	UNKNOWN
ВЧИНИТЬ	116662-V	UNKNOWN
ВЧИНИТЬ	106495-V	UNKNOWN
ВЧИНИТЬ	117817-V	UNKNOWN
ВЧИНИТЬ	111853-V	UNKNOWN
ВЧИНИТЬ	114976-V	UNKNOWN
ВШИТЬ	110795-V	UNKNOWN
ВШИТЬ	116799-V	UNKNOWN
ВШИТЬ	132117-V	UNKNOWN
ВШИТЬ	111575-V	UNKNOWN
ВШИТЬ	133726-V	UNKNOWN
ВШИТЬ	116419-V	UNKNOWN
ВШИТЬ	131404-V	UNKNOWN
ВШИТЬ	124702-V	UNKNOWN
ВШИТЬ	115145-V	UNKNOWN
ВШИТЬ	145542-V	UNKNOWN
ВЫВЕТРИТЬ	111027-V	UNKNOWN
ВЫВЕТРИТЬ	121019-V	UNKNOWN
ВЫВЕТРИТЬ	119826-V	UNKNOWN
ВЫВЕТРИТЬ	115996-V	UNKNOWN
ВЫВЕТРИТЬ	116221-V	UNKNOWN
ВЫВЕТРИТЬ	152470-V	UNKNOWN
ВЫВЕТРИТЬ	123877-V	UNKNOWN
ВЫВЕТРИТЬ	112548-V	UNKNOWN
ВЫВЕТРИТЬ	113004-V	UNKNOWN
ВЫВЕТРИТЬ	107417-V	UNKNOWN
ВЫКОВЫРИВАТЬ	125900-V	UNKNOWN
ВЫКОВЫРИВАТЬ	111863-V	UNKNOWN
ВЫКОВЫРИВАТЬ	116221-V	UNKNOWN
ВЫКОВЫРИВАТЬ	121390-V	UNKNOWN
ВЫКОВЫРИВАТЬ	121373-V	UNKNOWN
ВЫКОВЫРИВАТЬ	125835-V	UNKNOWN
ВЫКОВЫРИВАТЬ	117689-V	UNKNOWN
ВЫКОВЫРИВАТЬ	152887-V	UNKNOWN
ВЫКОВЫРИВАТЬ	139419-V	UNKNOWN
ВЫКОВЫРИВАТЬ	120702-V	UNKNOWN
ВЫМОРАЖИВАТЬ	112548-V	UNKNOWN
ВЫМОРАЖИВАТЬ	115247-V	UNKNOWN
ВЫМОРАЖИВАТЬ	137167-V	UNKNOWN
ВЫМОРАЖИВАТЬ	3833-V	UNKNOWN
ВЫМОРАЖИВАТЬ	123737-V	UNKNOWN
ВЫМОРАЖИВАТЬ	107417-V	UNKNOWN
ВЫМОРАЖИВАТЬ	116221-V	UNKNOWN
ВЫМОРАЖИВАТЬ	112855-V	UNKNOWN
ВЫМОРАЖИВАТЬ	123877-V	UNKNOWN
ВЫМОРАЖИВАТЬ	115994-V	UNKNOWN
ВЫПОРХНУТЬ	114589-V	UNKNOWN
ВЫПОРХНУТЬ	120616-V	UNKNOWN
ВЫПОРХНУТЬ	124500-V	UNKNOWN
ВЫПОРХНУТЬ	134382-V	UNKNOWN
ВЫПОРХНУТЬ	115444-V	UNKNOWN
ВЫПОРХНУТЬ	118450-V	UNKNOWN
ВЫПОРХНУТЬ	119795-V	UNKNOWN
ВЫПОРХНУТЬ	143609-V	UNKNOWN
ВЫПОРХНУТЬ	130466-V	UNKNOWN
ВЫПОРХНУТЬ	114829-V	UNKNOWN
ВЫСИЖИВАТЬ	115788-V	UNKNOWN
ВЫСИЖИВАТЬ	117837-V	UNKNOWN
ВЫСИЖИВАТЬ	117135-V	UNKNOWN
ВЫСИЖИВАТЬ	130159-V	UNKNOWN
ВЫСИЖИВАТЬ	133358-V	UNKNOWN
ВЫСИЖИВАТЬ	123950-V	UNKNOWN
ВЫСИЖИВАТЬ	127626-V	UNKNOWN
ВЫСИЖИВАТЬ	153486-V	UNKNOWN
ВЫСИЖИВАТЬ	127271-V	UNKNOWN
ВЫСИЖИВАТЬ	133371-V	UNKNOWN
ВЫСТИЛАТЬ	108830-V	UNKNOWN
ВЫСТИЛАТЬ	113782-V	UNKNOWN
ВЫСТИЛАТЬ	131594-V	UNKNOWN
ВЫСТИЛАТЬ	111457-V	UNKNOWN
ВЫСТИЛАТЬ	107394-V	UNKNOWN
ВЫСТИЛАТЬ	128665-V	UNKNOWN
ВЫСТИЛАТЬ	114457-V	UNKNOWN
ВЫСТИЛАТЬ	116286-V	UNKNOWN
ВЫСТИЛАТЬ	111658-V	UNKNOWN
ВЫСТИЛАТЬ	111871-V	UNKNOWN
ВЫСТЛАТЬ	115856-V	UNKNOWN
ВЫСТЛАТЬ	116831-V	UNKNOWN
ВЫСТЛАТЬ	131594-V	UNKNOWN
ВЫСТЛАТЬ	115139-V	UNKNOWN
ВЫСТЛАТЬ	125809-V	UNKNOWN
ВЫСТЛАТЬ	114457-V	UNKNOWN
ВЫСТЛАТЬ	110780-V	UNKNOWN
ВЫСТЛАТЬ	138579-V	UNKNOWN
ВЫСТЛАТЬ	133726-V	UNKNOWN
ВЫСТЛАТЬ	106887-V	UNKNOWN
ВЫТАРАЩИТЬ	118326-V	UNKNOWN
ВЫТАРАЩИТЬ	130445-V	UNKNOWN
ВЫТАРАЩИТЬ	111020-V	UNKNOWN
ВЫТАРАЩИТЬ	127243-V	UNKNOWN
ВЫТАРАЩИТЬ	121373-V	UNKNOWN
ВЫТАРАЩИТЬ	115133-V	UNKNOWN
ВЫТАРАЩИТЬ	130464-V	UNKNOWN
ВЫТАРАЩИТЬ	130952-V	UNKNOWN
ВЫТАРАЩИТЬ	130466-V	UNKNOWN
ВЫТАРАЩИТЬ	124595-V	UNKNOWN
ВЫТРЕБОВАТЬ	116737-V	UNKNOWN
ВЫТРЕБОВАТЬ	116738-V	UNKNOWN
ВЫТРЕБОВАТЬ	113256-V	UNKNOWN
ВЫТРЕБОВАТЬ	137218-V	UNKNOWN
ВЫТРЕБОВАТЬ	118313-V	UNKNOWN
ВЫТРЕБОВАТЬ	141390-V	UNKNOWN
ВЫТРЕБОВАТЬ	117284-V	UNKNOWN
ВЫТРЕБОВАТЬ	120015-V	UNKNOWN
ВЫТРЕБОВАТЬ	125550-V	UNKNOWN
ВЫТРЕБОВАТЬ	107373-V	UNKNOWN
ВЫШКОЛИТЬ	123533-V	UNKNOWN
ВЫШКОЛИТЬ	120905-V	UNKNOWN
ВЫШКОЛИТЬ	143609-V	UNKNOWN
ВЫШКОЛИТЬ	130466-V	UNKNOWN
ВЫШКОЛИТЬ	140710-V	UNKNOWN
ВЫШКОЛИТЬ	117911-V	UNKNOWN
ВЫШКОЛИТЬ	140675-V	UNKNOWN
ВЫШКОЛИТЬ	130446-V	UNKNOWN
ВЫШКОЛИТЬ	115826-V	UNKNOWN
ВЫШКОЛИТЬ	115444-V	UNKNOWN
ВЫЩЕРБИТЬ	111950-V	UNKNOWN
ВЫЩЕРБИТЬ	144583-V	UNKNOWN
ВЫЩЕРБИТЬ	130500-V	UNKNOWN
ВЫЩЕРБИТЬ	117317-V	UNKNOWN
ВЫЩЕРБИТЬ	129220-V	UNKNOWN
ВЫЩЕРБИТЬ	125809-V	UNKNOWN
ВЫЩЕРБИТЬ	118504-V	UNKNOWN
ВЫЩЕРБИТЬ	120702-V	UNKNOWN
ВЫЩЕРБИТЬ	112085-V	UNKNOWN
ВЫЩЕРБИТЬ	125811-V	UNKNOWN
ГАЗОВАТЬ	129762-V	UNKNOWN
ГАЗОВАТЬ	135583-V	UNKNOWN
ГАЗОВАТЬ	123890-V	UNKNOWN
ГАЗОВАТЬ	7235-V	UNKNOWN
ГАЗОВАТЬ	7338-V	UNKNOWN
ГАЗОВАТЬ	118287-V	UNKNOWN
ГАЗОВАТЬ	118119-V	UNKNOWN
ГАЗОВАТЬ	126187-V	UNKNOWN
ГАЗОВАТЬ	126188-V	UNKNOWN
ГАЗОВАТЬ	114119-V	UNKNOWN
ГАРЦЕВАТЬ	124694-V	UNKNOWN
ГАРЦЕВАТЬ	118918-V	UNKNOWN
ГАРЦЕВАТЬ	144786-V	UNKNOWN
ГАРЦЕВАТЬ	118369-V	UNKNOWN
ГАРЦЕВАТЬ	116282-V	UNKNOWN
ГАРЦЕВАТЬ	115189-V	UNKNOWN
ГАРЦЕВАТЬ	120398-V	UNKNOWN
ГАРЦЕВАТЬ	152528-V	UNKNOWN
ГАРЦЕВАТЬ	107469-V	UNKNOWN
ГАРЦЕВАТЬ	117366-V	UNKNOWN
ГИКАТЬ	125102-V	UNKNOWN
ГИКАТЬ	134434-V	UNKNOWN
ГИКАТЬ	130108-V	UNKNOWN
ГИКАТЬ	138483-V	UNKNOWN
ГИКАТЬ	144443-V	UNKNOWN
ГИКАТЬ	152845-V	UNKNOWN
ГИКАТЬ	124500-V	UNKNOWN
ГИКАТЬ	111859-V	UNKNOWN
ГИКАТЬ	107181-V	UNKNOWN
ГИКАТЬ	144032-V	UNKNOWN
ГИПЕРБОЛИЗИРОВАТЬ	134075-V	UNKNOWN
ГИПЕРБОЛИЗИРОВАТЬ	144972-V	UNKNOWN
ГИПЕРБОЛИЗИРОВАТЬ	144622-V	UNKNOWN
ГИПЕРБОЛИЗИРОВАТЬ	111725-V	UNKNOWN
ГИПЕРБОЛИЗИРОВАТЬ	120043-V	UNKNOWN
ГИПЕРБОЛИЗИРОВАТЬ	110888-V	UNKNOWN
ГИПЕРБОЛИЗИРОВАТЬ	151498-V	UNKNOWN
ГИПЕРБОЛИЗИРОВАТЬ	114107-V	UNKNOWN
ГИПЕРБОЛИЗИРОВАТЬ	106772-V	UNKNOWN
ГИПЕРБОЛИЗИРОВАТЬ	106719-V	UNKNOWN
ГНОИТЬ	111993-V	UNKNOWN
ГНОИТЬ	141506-V	UNKNOWN
ГНОИТЬ	118324-V	UNKNOWN
ГНОИТЬ	111982-V	UNKNOWN
ГНОИТЬ	111951-V	UNKNOWN
ГНОИТЬ	117317-V	UNKNOWN
ГНОИТЬ	123602-V	UNKNOWN
ГНОИТЬ	130354-V	UNKNOWN
ГНОИТЬ	125999-V	UNKNOWN
ГНОИТЬ	111990-V	UNKNOWN
ГОРЛАНИТЬ	111859-V	UNKNOWN
ГОРЛАНИТЬ	125833-V	UNKNOWN
ГОРЛАНИТЬ	130108-V	UNKNOWN
ГОРЛАНИТЬ	116868-V	UNKNOWN
ГОРЛАНИТЬ	152845-V	UNKNOWN
ГОРЛАНИТЬ	125102-V	UNKNOWN
ГОРЛАНИТЬ	113841-V	UNKNOWN
ГОРЛАНИТЬ	144443-V	UNKNOWN
ГОРЛАНИТЬ	117162-V	UNKNOWN
ГОРЛАНИТЬ	134139-V	UNKNOWN
ДЕКРИМИНАЛИЗОВАТЬ	140696-V	UNKNOWN
ДЕКРИМИНАЛИЗОВАТЬ	143921-V	UNKNOWN
ДЕКРИМИНАЛИЗОВАТЬ	4760-V	UNKNOWN
ДЕКРИМИНАЛИЗОВАТЬ	128648-V	UNKNOWN
ДЕКРИМИНАЛИЗОВАТЬ	124108-V	UNKNOWN
ДЕКРИМИНАЛИЗОВАТЬ	140914-V	UNKNOWN
ДЕКРИМИНАЛИЗОВАТЬ	4260-V	UNKNOWN
ДЕКРИМИНАЛИЗОВАТЬ	133045-V	UNKNOWN
ДЕКРИМИНАЛИЗОВАТЬ	150331-V	UNKNOWN
ДЕКРИМИНАЛИЗОВАТЬ	7349-V	UNKNOWN
ДЕМАСКИРОВАТЬ	106456-V	UNKNOWN
ДЕМАСКИРОВАТЬ	153350-V	UNKNOWN
ДЕМАСКИРОВАТЬ	10119-V	UNKNOWN
ДЕМАСКИРОВАТЬ	1567-V	UNKNOWN
ДЕМАСКИРОВАТЬ	143692-V	UNKNOWN
ДЕМАСКИРОВАТЬ	133045-V	UNKNOWN
ДЕМАСКИРОВАТЬ	120088-V	UNKNOWN
ДЕМАСКИРОВАТЬ	151481-V	UNKNOWN
ДЕМАСКИРОВАТЬ	117370-V	UNKNOWN
ДЕМАСКИРОВАТЬ	120552-V	UNKNOWN
ДОБРОСИТЬ	138267-V	UNKNOWN
ДОБРОСИТЬ	117294-V	UNKNOWN
ДОБРОСИТЬ	141441-V	UNKNOWN
ДОБРОСИТЬ	130927-V	UNKNOWN
ДОБРОСИТЬ	143095-V	UNKNOWN
ДОБРОСИТЬ	116848-V	UNKNOWN
ДОБРОСИТЬ	115872-V	UNKNOWN
ДОБРОСИТЬ	117290-V	UNKNOWN
ДОБРОСИТЬ	118103-V	UNKNOWN
ДОБРОСИТЬ	126097-V	UNKNOWN
ДОКАПИТАЛИЗИРОВАТЬ	119352-V	UNKNOWN
ДОКАПИТАЛИЗИРОВАТЬ	124971-V	UNKNOWN
ДОКАПИТАЛИЗИРОВАТЬ	107129-V	UNKNOWN
ДОКАПИТАЛИЗИРОВАТЬ	5100-V	UNKNOWN
ДОКАПИТАЛИЗИРОВАТЬ	120139-V	UNKNOWN
ДОКАПИТАЛИЗИРОВАТЬ	139852-V	UNKNOWN
ДОКАПИТАЛИЗИРОВАТЬ	141496-V	UNKNOWN
ДОКАПИТАЛИЗИРОВАТЬ	124108-V	UNKNOWN
ДОКАПИТАЛИЗИРОВАТЬ	130444-V	UNKNOWN
ДОКАПИТАЛИЗИРОВАТЬ	133877-V	UNKNOWN
ДОПИТЬСЯ	153919-V	UNKNOWN
ДОПИТЬСЯ	123372-V	UNKNOWN
ДОПИТЬСЯ	116184-V	UNKNOWN
ДОПИТЬСЯ	130950-V	UNKNOWN
ДОПИТЬСЯ	115519-V	UNKNOWN
ДОПИТЬСЯ	130934-V	UNKNOWN
ДОПИТЬСЯ	7787-V	UNKNOWN
ДОПИТЬСЯ	117028-V	UNKNOWN
ДОПИТЬСЯ	116445-V	UNKNOWN
ДОПИТЬСЯ	123373-V	UNKNOWN
ДОПРЫГНУТЬ	124500-V	UNKNOWN
ДОПРЫГНУТЬ	120722-V	UNKNOWN
ДОПРЫГНУТЬ	116842-V	UNKNOWN
ДОПРЫГНУТЬ	143855-V	UNKNOWN
ДОПРЫГНУТЬ	149766-V	UNKNOWN
ДОПРЫГНУТЬ	114589-V	UNKNOWN
ДОПРЫГНУТЬ	138483-V	UNKNOWN
ДОПРЫГНУТЬ	153920-V	UNKNOWN
ДОПРЫГНУТЬ	124720-V	UNKNOWN
ДОПРЫГНУТЬ	117934-V	UNKNOWN
ДОСАЛИВАТЬ	115570-V	UNKNOWN
ДОСАЛИВАТЬ	131853-V	UNKNOWN
ДОСАЛИВАТЬ	123821-V	UNKNOWN
ДОСАЛИВАТЬ	130934-V	UNKNOWN
ДОСАЛИВАТЬ	118896-V	UNKNOWN
ДОСАЛИВАТЬ	117660-V	UNKNOWN
ДОСАЛИВАТЬ	115667-V	UNKNOWN
ДОСАЛИВАТЬ	144622-V	UNKNOWN
ДОСАЛИВАТЬ	139819-V	UNKNOWN
ДОСАЛИВАТЬ	112015-V	UNKNOWN
ДОСЛАТЬ	107008-V	UNKNOWN
ДОСЛАТЬ	133123-V	UNKNOWN
ДОСЛАТЬ	134122-V	UNKNOWN
ДОСЛАТЬ	116312-V	UNKNOWN
ДОСЛАТЬ	106939-V	UNKNOWN
ДОСЛАТЬ	115675-V	UNKNOWN
ДОСЛАТЬ	124548-V	UNKNOWN
ДОСЛАТЬ	133678-V	UNKNOWN
ДОСЛАТЬ	119772-V	UNKNOWN
ДОСЛАТЬ	130777-V	UNKNOWN
ДОШУТИТЬСЯ	128675-V	UNKNOWN
ДОШУТИТЬСЯ	130950-V	UNKNOWN
ДОШУТИТЬСЯ	120722-V	UNKNOWN
ДОШУТИТЬСЯ	138570-V	UNKNOWN
ДОШУТИТЬСЯ	116285-V	UNKNOWN
ДОШУТИТЬСЯ	117028-V	UNKNOWN
ДОШУТИТЬСЯ	116282-V	UNKNOWN
ДОШУТИТЬСЯ	131063-V	UNKNOWN
ДОШУТИТЬСЯ	132755-V	UNKNOWN
ДОШУТИТЬСЯ	149766-V	UNKNOWN
ДРАИТЬ	123802-V	UNKNOWN
ДРАИТЬ	123803-V	UNKNOWN
ДРАИТЬ	111770-V	UNKNOWN
ДРАИТЬ	117305-V	UNKNOWN
ДРАИТЬ	116126-V	UNKNOWN
ДРАИТЬ	107325-V	UNKNOWN
ДРАИТЬ	140680-V	UNKNOWN
ДРАИТЬ	119878-V	UNKNOWN
ДРАИТЬ	117126-V	UNKNOWN
ДРАИТЬ	141499-V	UNKNOWN
ЖУЖЖАТЬ	112574-V	UNKNOWN
ЖУЖЖАТЬ	130975-V	UNKNOWN
ЖУЖЖАТЬ	112461-V	UNKNOWN
ЖУЖЖАТЬ	114745-V	UNKNOWN
ЖУЖЖАТЬ	132053-V	UNKNOWN
ЖУЖЖАТЬ	107095-V	UNKNOWN
ЖУЖЖАТЬ	144443-V	UNKNOWN
ЖУЖЖАТЬ	111919-V	UNKNOWN
ЖУЖЖАТЬ	107106-V	UNKNOWN
ЖУЖЖАТЬ	107362-V	UNKNOWN
ЖУРЧАТЬ	107106-V	UNKNOWN
ЖУРЧАТЬ	107358-V	UNKNOWN
ЖУРЧАТЬ	114745-V	UNKNOWN
ЖУРЧАТЬ	112401-V	UNKNOWN
ЖУРЧАТЬ	107362-V	UNKNOWN
ЖУРЧАТЬ	112461-V	UNKNOWN
ЖУРЧАТЬ	112922-V	UNKNOWN
ЖУРЧАТЬ	115041-V	UNKNOWN
ЖУРЧАТЬ	107095-V	UNKNOWN
ЖУРЧАТЬ	112574-V	UNKNOWN
ЗАВРАТЬСЯ	118851-V	UNKNOWN
ЗАВРАТЬСЯ	127476-V	UNKNOWN
ЗАВРАТЬСЯ	116004-V	UNKNOWN
ЗАВРАТЬСЯ	137272-V	UNKNOWN
ЗАВРАТЬСЯ	137401-V	UNKNOWN
ЗАВРАТЬСЯ	117200-V	UNKNOWN
ЗАВРАТЬСЯ	120864-V	UNKNOWN
ЗАВРАТЬСЯ	115774-V	UNKNOWN
ЗАВРАТЬСЯ	118590-V	UNKNOWN
ЗАВРАТЬСЯ	115773-V	UNKNOWN
ЗАГЛОТИТЬ	115189-V	UNKNOWN
ЗАГЛОТИТЬ	119506-V	UNKNOWN
ЗАГЛОТИТЬ	117127-V	UNKNOWN
ЗАГЛОТИТЬ	117198-V	UNKNOWN
ЗАГЛОТИТЬ	126187-V	UNKNOWN
ЗАГЛОТИТЬ	115709-V	UNKNOWN
ЗАГЛОТИТЬ	129376-V	UNKNOWN
ЗАГЛОТИТЬ	126188-V	UNKNOWN
ЗАГЛОТИТЬ	115191-V	UNKNOWN
ЗАГЛОТИТЬ	114580-V	UNKNOWN
ЗАГОСТИТЬСЯ	7787-V	UNKNOWN
ЗАГОСТИТЬСЯ	119504-V	UNKNOWN
ЗАГОСТИТЬСЯ	131461-V	UNKNOWN
ЗАГОСТИТЬСЯ	115189-V	UNKNOWN
ЗАГОСТИТЬСЯ	117341-V	UNKNOWN
ЗАГОСТИТЬСЯ	117334-V	UNKNOWN
ЗАГОСТИТЬСЯ	114580-V	UNKNOWN
ЗАГОСТИТЬСЯ	116200-V	UNKNOWN
ЗАГОСТИТЬСЯ	117024-V	UNKNOWN
ЗАГОСТИТЬСЯ	111436-V	UNKNOWN
ЗАДАРИВАТЬ	119510-V	UNKNOWN
ЗАДАРИВАТЬ	144442-V	UNKNOWN
ЗАДАРИВАТЬ	119043-V	UNKNOWN
ЗАДАРИВАТЬ	106935-V	UNKNOWN
ЗАДАРИВАТЬ	118193-V	UNKNOWN
ЗАДАРИВАТЬ	133678-V	UNKNOWN
ЗАДАРИВАТЬ	7830-V	UNKNOWN
ЗАДАРИВАТЬ	133734-V	UNKNOWN
ЗАДАРИВАТЬ	125811-V	UNKNOWN
ЗАДАРИВАТЬ	144578-V	UNKNOWN
ЗАЖРАТЬСЯ	117841-V	UNKNOWN
ЗАЖРАТЬСЯ	131063-V	UNKNOWN
ЗАЖРАТЬСЯ	123896-V	UNKNOWN
ЗАЖРАТЬСЯ	118899-V	UNKNOWN
ЗАЖРАТЬСЯ	117341-V	UNKNOWN
ЗАЖРАТЬСЯ	130372-V	UNKNOWN
ЗАЖРАТЬСЯ	140767-V	UNKNOWN
ЗАЖРАТЬСЯ	132721-V	UNKNOWN
ЗАЖРАТЬСЯ	115189-V	UNKNOWN
ЗАЖРАТЬСЯ	119493-V	UNKNOWN
ЗАКРУГЛЯТЬСЯ	115718-V	UNKNOWN
ЗАКРУГЛЯТЬСЯ	121356-V	UNKNOWN
ЗАКРУГЛЯТЬСЯ	112412-V	UNKNOWN
ЗАКРУГЛЯТЬСЯ	144939-V	UNKNOWN
ЗАКРУГЛЯТЬСЯ	116819-V	UNKNOWN
ЗАКРУГЛЯТЬСЯ	115267-V	UNKNOWN
ЗАКРУГЛЯТЬСЯ	114397-V	UNKNOWN
ЗАКРУГЛЯТЬСЯ	145704-V	UNKNOWN
ЗАКРУГЛЯТЬСЯ	115204-V	UNKNOWN
ЗАКРУГЛЯТЬСЯ	132984-V	UNKNOWN
ЗАЛИЗЫВАТЬ	111414-V	UNKNOWN
ЗАЛИЗЫВАТЬ	121035-V	UNKNOWN
ЗАЛИЗЫВАТЬ	116505-V	UNKNOWN
ЗАЛИЗЫВАТЬ	126187-V	UNKNOWN
ЗАЛИЗЫВАТЬ	115191-V	UNKNOWN
ЗАЛИЗЫВАТЬ	112765-V	UNKNOWN
ЗАЛИЗЫВАТЬ	114580-V	UNKNOWN
ЗАЛИЗЫВАТЬ	118174-V	UNKNOWN
ЗАЛИЗЫВАТЬ	110779-V	UNKNOWN
ЗАЛИЗЫВАТЬ	111192-V	UNKNOWN
ЗАЛУЧИТЬ	116202-V	UNKNOWN
ЗАЛУЧИТЬ	131404-V	UNKNOWN
ЗАЛУЧИТЬ	143127-V	UNKNOWN
ЗАЛУЧИТЬ	115716-V	UNKNOWN
ЗАЛУЧИТЬ	127312-V	UNKNOWN
ЗАЛУЧИТЬ	137272-V	UNKNOWN
ЗАЛУЧИТЬ	118896-V	UNKNOWN
ЗАЛУЧИТЬ	111886-V	UNKNOWN
ЗАЛУЧИТЬ	131594-V	UNKNOWN
ЗАЛУЧИТЬ	133045-V	UNKNOWN
ЗАМЕЛИТЬ	111578-V	UNKNOWN
ЗАМЕЛИТЬ	116171-V	UNKNOWN
ЗАМЕЛИТЬ	116168-V	UNKNOWN
ЗАМЕЛИТЬ	115220-V	UNKNOWN
ЗАМЕЛИТЬ	114832-V	UNKNOWN
ЗАМЕЛИТЬ	111573-V	UNKNOWN
ЗАМЕЛИТЬ	137272-V	UNKNOWN
ЗАМЕЛИТЬ	144775-V	UNKNOWN
ЗАМЕЛИТЬ	133371-V	UNKNOWN
ЗАМЕЛИТЬ	119124-V	UNKNOWN
ЗАМЕЧТАТЬСЯ	117105-V	UNKNOWN
ЗАМЕЧТАТЬСЯ	118906-V	UNKNOWN
ЗАМЕЧТАТЬСЯ	129445-V	UNKNOWN
ЗАМЕЧТАТЬСЯ	118634-V	UNKNOWN
ЗАМЕЧТАТЬСЯ	119595-V	UNKNOWN
ЗАМЕЧТАТЬСЯ	120610-V	UNKNOWN
ЗАМЕЧТАТЬСЯ	120295-V	UNKNOWN
ЗАМЕЧТАТЬСЯ	117922-V	UNKNOWN
ЗАМЕЧТАТЬСЯ	120644-V	UNKNOWN
ЗАМЕЧТАТЬСЯ	116297-V	UNKNOWN
ЗАМЫТЬ	131218-V	UNKNOWN
ЗАМЫТЬ	139492-V	UNKNOWN
ЗАМЫТЬ	115601-V	UNKNOWN
ЗАМЫТЬ	131219-V	UNKNOWN
ЗАМЫТЬ	133996-V	UNKNOWN
ЗАМЫТЬ	125999-V	UNKNOWN
ЗАМЫТЬ	140767-V	UNKNOWN
ЗАМЫТЬ	120459-V	UNKNOWN
ЗАМЫТЬ	112386-V	UNKNOWN
ЗАМЫТЬ	133045-V	UNKNOWN
ЗАНЫРНУТЬ	120658-V	UNKNOWN
ЗАНЫРНУТЬ	125999-V	UNKNOWN
ЗАНЫРНУТЬ	131680-V	UNKNOWN
ЗАНЫРНУТЬ	131063-V	UNKNOWN
ЗАНЫРНУТЬ	144583-V	UNKNOWN
ЗАНЫРНУТЬ	137272-V	UNKNOWN
ЗАНЫРНУТЬ	124429-V	UNKNOWN
ЗАНЫРНУТЬ	117126-V	UNKNOWN
ЗАНЫРНУТЬ	141499-V	UNKNOWN
ЗАНЫРНУТЬ	111950-V	UNKNOWN
ЗАПУШИТЬ	131121-V	UNKNOWN
ЗАПУШИТЬ	143127-V	UNKNOWN
ЗАПУШИТЬ	131069-V	UNKNOWN
ЗАПУШИТЬ	137272-V	UNKNOWN
ЗАПУШИТЬ	114571-V	UNKNOWN
ЗАПУШИТЬ	116228-V	UNKNOWN
ЗАПУШИТЬ	134108-V	UNKNOWN
ЗАПУШИТЬ	118851-V	UNKNOWN
ЗАПУШИТЬ	120871-V	UNKNOWN
ЗАПУШИТЬ	126181-V	UNKNOWN
ЗАПЫЛИТЬ	115139-V	UNKNOWN
ЗАПЫЛИТЬ	116581-V	UNKNOWN
ЗАПЫЛИТЬ	116184-V	UNKNOWN
ЗАПЫЛИТЬ	112386-V	UNKNOWN
ЗАПЫЛИТЬ	111658-V	UNKNOWN
ЗАПЫЛИТЬ	145429-V	UNKNOWN
ЗАПЫЛИТЬ	111876-V	UNKNOWN
ЗАПЫЛИТЬ	139848-V	UNKNOWN
ЗАПЫЛИТЬ	117077-V	UNKNOWN
ЗАПЫЛИТЬ	125999-V	UNKNOWN
ЗАРЕГУЛИРОВАТЬ	106489-V	UNKNOWN
ЗАРЕГУЛИРОВАТЬ	128899-V	UNKNOWN
ЗАРЕГУЛИРОВАТЬ	115536-V	UNKNOWN
ЗАРЕГУЛИРОВАТЬ	134796-V	UNKNOWN
ЗАРЕГУЛИРОВАТЬ	115176-V	UNKNOWN
ЗАРЕГУЛИРОВАТЬ	137272-V	UNKNOWN
ЗАРЕГУЛИРОВАТЬ	124108-V	UNKNOWN
ЗАРЕГУЛИРОВАТЬ	7638-V	UNKNOWN
ЗАРЕГУЛИРОВАТЬ	111973-V	UNKNOWN
ЗАРЕГУЛИРОВАТЬ	113351-V	UNKNOWN
ЗАРЕЗАТЬСЯ	121108-V	UNKNOWN
ЗАРЕЗАТЬСЯ	131063-V	UNKNOWN
ЗАРЕЗАТЬСЯ	127476-V	UNKNOWN
ЗАРЕЗАТЬСЯ	7787-V	UNKNOWN
ЗАРЕЗАТЬСЯ	149600-V	UNKNOWN
ЗАРЕЗАТЬСЯ	123372-V	UNKNOWN
ЗАРЕЗАТЬСЯ	120294-V	UNKNOWN
ЗАРЕЗАТЬСЯ	130507-V	UNKNOWN
ЗАРЕЗАТЬСЯ	131062-V	UNKNOWN
ЗАРЕЗАТЬСЯ	125751-V	UNKNOWN
ЗАРЫБЛЯТЬ	501-V	UNKNOWN
ЗАРЫБЛЯТЬ	7556-V	UNKNOWN
ЗАРЫБЛЯТЬ	123363-V	UNKNOWN
ЗАРЫБЛЯТЬ	116286-V	UNKNOWN
ЗАРЫБЛЯТЬ	9794-V	UNKNOWN
ЗАРЫБЛЯТЬ	120644-V	UNKNOWN
ЗАРЫБЛЯТЬ	133045-V	UNKNOWN
ЗАРЫБЛЯТЬ	119080-V	UNKNOWN
ЗАРЫБЛЯТЬ	117253-V	UNKNOWN
ЗАРЫБЛЯТЬ	116715-V	UNKNOWN
ЗАСЛУШИВАТЬСЯ	117564-V	UNKNOWN
ЗАСЛУШИВАТЬСЯ	121204-V	UNKNOWN
ЗАСЛУШИВАТЬСЯ	153099-V	UNKNOWN
ЗАСЛУШИВАТЬСЯ	120981-V	UNKNOWN
ЗАСЛУШИВАТЬСЯ	125664-V	UNKNOWN
ЗАСЛУШИВАТЬСЯ	149912-V	UNKNOWN
ЗАСЛУШИВАТЬСЯ	133962-V	UNKNOWN
ЗАСЛУШИВАТЬСЯ	131556-V	UNKNOWN
ЗАСЛУШИВАТЬСЯ	127102-V	UNKNOWN
ЗАСЛУШИВАТЬСЯ	130078-V	UNKNOWN
ЗАТЕНИТЬ	132762-V	UNKNOWN
ЗАТЕНИТЬ	143278-V	UNKNOWN
ЗАТЕНИТЬ	143989-V	UNKNOWN
ЗАТЕНИТЬ	106819-V	UNKNOWN
ЗАТЕНИТЬ	113782-V	UNKNOWN
ЗАТЕНИТЬ	115139-V	UNKNOWN
ЗАТЕНИТЬ	126399-V	UNKNOWN
ЗАТЕНИТЬ	144542-V	UNKNOWN
ЗАТЕНИТЬ	127458-V	UNKNOWN
ЗАТЕНИТЬ	127237-V	UNKNOWN
ЗАУЗИТЬ	106819-V	UNKNOWN
ЗАУЗИТЬ	115759-V	UNKNOWN
ЗАУЗИТЬ	146512-V	UNKNOWN
ЗАУЗИТЬ	127237-V	UNKNOWN
ЗАУЗИТЬ	138234-V	UNKNOWN
ЗАУЗИТЬ	111594-V	UNKNOWN
ЗАУЗИТЬ	118584-V	UNKNOWN
ЗАУЗИТЬ	137272-V	UNKNOWN
ЗАУЗИТЬ	116168-V	UNKNOWN
ЗАУЗИТЬ	110837-V	UNKNOWN
ЗАШТОРИТЬ	111361-V	UNKNOWN
ЗАШТОРИТЬ	116876-V	UNKNOWN
ЗАШТОРИТЬ	117454-V	UNKNOWN
ЗАШТОРИТЬ	137272-V	UNKNOWN
ЗАШТОРИТЬ	133371-V	UNKNOWN
ЗАШТОРИТЬ	111886-V	UNKNOWN
ЗАШТОРИТЬ	129762-V	UNKNOWN
ЗАШТОРИТЬ	118499-V	UNKNOWN
ЗАШТОРИТЬ	464-V	UNKNOWN
ЗАШТОРИТЬ	125462-V	UNKNOWN
ЗЕЛЕНИТЬ	110483-V	UNKNOWN
ЗЕЛЕНИТЬ	114627-V	UNKNOWN
ЗЕЛЕНИТЬ	126461-V	UNKNOWN
ЗЕЛЕНИТЬ	110423-V	UNKNOWN
ЗЕЛЕНИТЬ	115716-V	UNKNOWN
ЗЕЛЕНИТЬ	110418-V	UNKNOWN
ЗЕЛЕНИТЬ	110421-V	UNKNOWN
ЗЕЛЕНИТЬ	110417-V	UNKNOWN
ЗЕЛЕНИТЬ	122094-V	UNKNOWN
ЗЕЛЕНИТЬ	127312-V	UNKNOWN
ЗОЛОТИТЬСЯ	110417-V	UNKNOWN
ЗОЛОТИТЬСЯ	130184-V	UNKNOWN
ЗОЛОТИТЬСЯ	146632-V	UNKNOWN
ЗОЛОТИТЬСЯ	110423-V	UNKNOWN
ЗОЛОТИТЬСЯ	125450-V	UNKNOWN
ЗОЛОТИТЬСЯ	132984-V	UNKNOWN
ЗОЛОТИТЬСЯ	125451-V	UNKNOWN
ЗОЛОТИТЬСЯ	129121-V	UNKNOWN
ЗОЛОТИТЬСЯ	110421-V	UNKNOWN
ЗОЛОТИТЬСЯ	140767-V	UNKNOWN
ИДЕОЛОГИЗИРОВАТЬ	5100-V	UNKNOWN
ИДЕОЛОГИЗИРОВАТЬ	130444-V	UNKNOWN
ИДЕОЛОГИЗИРОВАТЬ	136290-V	UNKNOWN
ИДЕОЛОГИЗИРОВАТЬ	127013-V	UNKNOWN
ИДЕОЛОГИЗИРОВАТЬ	139852-V	UNKNOWN
ИДЕОЛОГИЗИРОВАТЬ	113371-V	UNKNOWN
ИДЕОЛОГИЗИРОВАТЬ	120139-V	UNKNOWN
ИДЕОЛОГИЗИРОВАТЬ	141496-V	UNKNOWN
ИДЕОЛОГИЗИРОВАТЬ	140696-V	UNKNOWN
ИДЕОЛОГИЗИРОВАТЬ	124971-V	UNKNOWN
ИЗРИСОВАТЬ	107005-V	UNKNOWN
ИЗРИСОВАТЬ	112877-V	UNKNOWN
ИЗРИСОВАТЬ	112878-V	UNKNOWN
ИЗРИСОВАТЬ	128847-V	UNKNOWN
ИЗРИСОВАТЬ	107002-V	UNKNOWN
ИЗРИСОВАТЬ	115774-V	UNKNOWN
ИЗРИСОВАТЬ	111561-V	UNKNOWN
ИЗРИСОВАТЬ	114457-V	UNKNOWN
ИЗРИСОВАТЬ	119494-V	UNKNOWN
ИЗРИСОВАТЬ	106887-V	UNKNOWN
ИЗРУБИТЬ	120829-V	UNKNOWN
ИЗРУБИТЬ	125809-V	UNKNOWN
ИЗРУБИТЬ	138234-V	UNKNOWN
ИЗРУБИТЬ	118504-V	UNKNOWN
ИЗРУБИТЬ	121428-V	UNKNOWN
ИЗРУБИТЬ	125757-V	UNKNOWN
ИЗРУБИТЬ	117317-V	UNKNOWN
ИЗРУБИТЬ	126326-V	UNKNOWN
ИЗРУБИТЬ	144782-V	UNKNOWN
ИЗРУБИТЬ	129220-V	UNKNOWN
ИНСТИТУЦИОНАЛИЗИРОВАТЬ	124971-V	UNKNOWN
ИНСТИТУЦИОНАЛИЗИРОВАТЬ	7159-V	UNKNOWN
ИНСТИТУЦИОНАЛИЗИРОВАТЬ	130444-V	UNKNOWN
ИНСТИТУЦИОНАЛИЗИРОВАТЬ	150161-V	UNKNOWN
ИНСТИТУЦИОНАЛИЗИРОВАТЬ	5100-V	UNKNOWN
ИНСТИТУЦИОНАЛИЗИРОВАТЬ	137608-V	UNKNOWN
ИНСТИТУЦИОНАЛИЗИРОВАТЬ	120139-V	UNKNOWN
ИНСТИТУЦИОНАЛИЗИРОВАТЬ	139852-V	UNKNOWN
ИНСТИТУЦИОНАЛИЗИРОВАТЬ	133877-V	UNKNOWN
ИНСТИТУЦИОНАЛИЗИРОВАТЬ	141496-V	UNKNOWN
ИНТЕРНИРОВАТЬ	124899-V	UNKNOWN
ИНТЕРНИРОВАТЬ	148681-V	UNKNOWN
ИНТЕРНИРОВАТЬ	132762-V	UNKNOWN
ИНТЕРНИРОВАТЬ	124871-V	UNKNOWN
ИНТЕРНИРОВАТЬ	114686-V	UNKNOWN
ИНТЕРНИРОВАТЬ	140450-V	UNKNOWN
ИНТЕРНИРОВАТЬ	130927-V	UNKNOWN
ИНТЕРНИРОВАТЬ	140729-V	UNKNOWN
ИНТЕРНИРОВАТЬ	116859-V	UNKNOWN
ИНТЕРНИРОВАТЬ	127457-V	UNKNOWN
ИСТЕРЕТЬ	121305-V	UNKNOWN
ИСТЕРЕТЬ	120973-V	UNKNOWN
ИСТЕРЕТЬ	117811-V	UNKNOWN
ИСТЕРЕТЬ	117674-V	UNKNOWN
ИСТЕРЕТЬ	148998-V	UNKNOWN
ИСТЕРЕТЬ	127308-V	UNKNOWN
ИСТЕРЕТЬ	123862-V	UNKNOWN
ИСТЕРЕТЬ	125999-V	UNKNOWN
ИСТЕРЕТЬ	130372-V	UNKNOWN
ИСТЕРЕТЬ	119138-V	UNKNOWN
ИСТОНЧАТЬ	118663-V	UNKNOWN
ИСТОНЧАТЬ	117317-V	UNKNOWN
ИСТОНЧАТЬ	119481-V	UNKNOWN
ИСТОНЧАТЬ	153594-V	UNKNOWN
ИСТОНЧАТЬ	144692-V	UNKNOWN
ИСТОНЧАТЬ	127223-V	UNKNOWN
ИСТОНЧАТЬ	118119-V	UNKNOWN
ИСТОНЧАТЬ	118894-V	UNKNOWN
ИСТОНЧАТЬ	116162-V	UNKNOWN
ИСТОНЧАТЬ	137752-V	UNKNOWN
КАДИТЬ	111876-V	UNKNOWN
КАДИТЬ	116796-V	UNKNOWN
КАДИТЬ	127446-V	UNKNOWN
КАДИТЬ	149413-V	UNKNOWN
КАДИТЬ	118263-V	UNKNOWN
КАДИТЬ	124469-V	UNKNOWN
КАДИТЬ	142468-V	UNKNOWN
КАДИТЬ	126176-V	UNKNOWN
КАДИТЬ	120535-V	UNKNOWN
КАДИТЬ	116184-V	UNKNOWN
КАЛЕЧИТЬСЯ	117617-V	UNKNOWN
КАЛЕЧИТЬСЯ	125899-V	UNKNOWN
КАЛЕЧИТЬСЯ	129086-V	UNKNOWN
КАЛЕЧИТЬСЯ	117381-V	UNKNOWN
КАЛЕЧИТЬСЯ	110237-V	UNKNOWN
КАЛЕЧИТЬСЯ	118381-V	UNKNOWN
КАЛЕЧИТЬСЯ	143214-V	UNKNOWN
КАЛЕЧИТЬСЯ	120814-V	UNKNOWN
КАЛЕЧИТЬСЯ	149339-V	UNKNOWN
КАЛЕЧИТЬСЯ	140829-V	UNKNOWN
КАРТАВИТЬ	107095-V	UNKNOWN
КАРТАВИТЬ	132053-V	UNKNOWN
КАРТАВИТЬ	112574-V	UNKNOWN
КАРТАВИТЬ	115041-V	UNKNOWN
КАРТАВИТЬ	107402-V	UNKNOWN
КАРТАВИТЬ	107386-V	UNKNOWN
КАРТАВИТЬ	107362-V	UNKNOWN
КАРТАВИТЬ	112461-V	UNKNOWN
КАРТАВИТЬ	113042-V	UNKNOWN
КАРТАВИТЬ	131394-V	UNKNOWN
КАСТОМИЗИРОВАТЬ	141510-V	UNKNOWN
КАСТОМИЗИРОВАТЬ	124543-V	UNKNOWN
КАСТОМИЗИРОВАТЬ	144688-V	UNKNOWN
КАСТОМИЗИРОВАТЬ	106950-V	UNKNOWN
КАСТОМИЗИРОВАТЬ	143859-V	UNKNOWN
КАСТОМИЗИРОВАТЬ	118170-V	UNKNOWN
КАСТОМИЗИРОВАТЬ	137963-V	UNKNOWN
КАСТОМИЗИРОВАТЬ	112616-V	UNKNOWN
КАСТОМИЗИРОВАТЬ	924-V	UNKNOWN
КАСТОМИЗИРОВАТЬ	124823-V	UNKNOWN
КВАКАТЬ	115041-V	UNKNOWN
КВАКАТЬ	115039-V	UNKNOWN
КВАКАТЬ	115043-V	UNKNOWN
КВАКАТЬ	117986-V	UNKNOWN
КВАКАТЬ	132053-V	UNKNOWN
КВАКАТЬ	107095-V	UNKNOWN
КВАКАТЬ	112461-V	UNKNOWN
КВАКАТЬ	123936-V	UNKNOWN
КВАКАТЬ	107106-V	UNKNOWN
КВАКАТЬ	107362-V	UNKNOWN
КЛУБИТЬ	115718-V	UNKNOWN
КЛУБИТЬ	121356-V	UNKNOWN
КЛУБИТЬ	117366-V	UNKNOWN
КЛУБИТЬ	120644-V	UNKNOWN
КЛУБИТЬ	114517-V	UNKNOWN
КЛУБИТЬ	125999-V	UNKNOWN
КЛУБИТЬ	118504-V	UNKNOWN
КЛУБИТЬ	124247-V	UNKNOWN
КЛУБИТЬ	120640-V	UNKNOWN
КЛУБИТЬ	145705-V	UNKNOWN
КОЛОСИТЬСЯ	114517-V	UNKNOWN
КОЛОСИТЬСЯ	114585-V	UNKNOWN
КОЛОСИТЬСЯ	121320-V	UNKNOWN
КОЛОСИТЬСЯ	115307-V	UNKNOWN
КОЛОСИТЬСЯ	119147-V	UNKNOWN
КОЛОСИТЬСЯ	111156-V	UNKNOWN
КОЛОСИТЬСЯ	113841-V	UNKNOWN
КОЛОСИТЬСЯ	134139-V	UNKNOWN
КОЛОСИТЬСЯ	143155-V	UNKNOWN
КОЛОСИТЬСЯ	115039-V	UNKNOWN
КОМКАТЬ	134434-V	UNKNOWN
КОМКАТЬ	115100-V	UNKNOWN
КОМКАТЬ	121439-V	UNKNOWN
КОМКАТЬ	119451-V	UNKNOWN
КОМКАТЬ	111950-V	UNKNOWN
КОМКАТЬ	141298-V	UNKNOWN
КОМКАТЬ	150568-V	UNKNOWN
КОМКАТЬ	131726-V	UNKNOWN
КОМКАТЬ	124515-V	UNKNOWN
КОМКАТЬ	123443-V	UNKNOWN
КОНСПЕКТИРОВАТЬ	154876-V	UNKNOWN
КОНСПЕКТИРОВАТЬ	106887-V	UNKNOWN
КОНСПЕКТИРОВАТЬ	118019-V	UNKNOWN
КОНСПЕКТИРОВАТЬ	114457-V	UNKNOWN
КОНСПЕКТИРОВАТЬ	107604-V	UNKNOWN
КОНСПЕКТИРОВАТЬ	138409-V	UNKNOWN
КОНСПЕКТИРОВАТЬ	130889-V	UNKNOWN
КОНСПЕКТИРОВАТЬ	130334-V	UNKNOWN
КОНСПЕКТИРОВАТЬ	106809-V	UNKNOWN
КОНСПЕКТИРОВАТЬ	111812-V	UNKNOWN
КОНТУЗИТЬ	112731-V	UNKNOWN
КОНТУЗИТЬ	152887-V	UNKNOWN
КОНТУЗИТЬ	154460-V	UNKNOWN
КОНТУЗИТЬ	118571-V	UNKNOWN
КОНТУЗИТЬ	123602-V	UNKNOWN
КОНТУЗИТЬ	140829-V	UNKNOWN
КОНТУЗИТЬ	116055-V	UNKNOWN
КОНТУЗИТЬ	114419-V	UNKNOWN
КОНТУЗИТЬ	134128-V	UNKNOWN
КОНТУЗИТЬ	143607-V	UNKNOWN
КООПТИРОВАТЬ	111265-V	UNKNOWN
КООПТИРОВАТЬ	140556-V	UNKNOWN
КООПТИРОВАТЬ	110049-V	UNKNOWN
КООПТИРОВАТЬ	120105-V	UNKNOWN
КООПТИРОВАТЬ	129138-V	UNKNOWN
КООПТИРОВАТЬ	120232-V	UNKNOWN
КООПТИРОВАТЬ	125641-V	UNKNOWN
КООПТИРОВАТЬ	120740-V	UNKNOWN
КООПТИРОВАТЬ	117073-V	UNKNOWN
КООПТИРОВАТЬ	139746-V	UNKNOWN
КОТИТЬСЯ	117650-V	UNKNOWN
КОТИТЬСЯ	120456-V	UNKNOWN
КОТИТЬСЯ	114517-V	UNKNOWN
КОТИТЬСЯ	117147-V	UNKNOWN
КОТИТЬСЯ	115151-V	UNKNOWN
КОТИТЬСЯ	129127-V	UNKNOWN
КОТИТЬСЯ	120702-V	UNKNOWN
КОТИТЬСЯ	135666-V	UNKNOWN
КОТИТЬСЯ	116257-V	UNKNOWN
КОТИТЬСЯ	117521-V	UNKNOWN
КРИМИНАЛИЗОВАТЬ	106950-V	UNKNOWN
КРИМИНАЛИЗОВАТЬ	8240-V	UNKNOWN
КРИМИНАЛИЗОВАТЬ	142398-V	UNKNOWN
КРИМИНАЛИЗОВАТЬ	131680-V	UNKNOWN
КРИМИНАЛИЗОВАТЬ	5704-V	UNKNOWN
КРИМИНАЛИЗОВАТЬ	106558-V	UNKNOWN
КРИМИНАЛИЗОВАТЬ	7332-V	UNKNOWN
КРИМИНАЛИЗОВАТЬ	128433-V	UNKNOWN
КРИМИНАЛИЗОВАТЬ	140696-V	UNKNOWN
КРИМИНАЛИЗОВАТЬ	116891-V	UNKNOWN
КРОВИТЬ	115744-V	UNKNOWN
КРОВИТЬ	8713-V	UNKNOWN
КРОВИТЬ	117366-V	UNKNOWN
КРОВИТЬ	133619-V	UNKNOWN
КРОВИТЬ	136064-V	UNKNOWN
КРОВИТЬ	130500-V	UNKNOWN
КРОВИТЬ	119292-V	UNKNOWN
КРОВИТЬ	121082-V	UNKNOWN
КРОВИТЬ	114589-V	UNKNOWN
КРОВИТЬ	116581-V	UNKNOWN
КРЫШЕВАТЬ	127492-V	UNKNOWN
КРЫШЕВАТЬ	142742-V	UNKNOWN
КРЫШЕВАТЬ	129220-V	UNKNOWN
КРЫШЕВАТЬ	141275-V	UNKNOWN
КРЫШЕВАТЬ	120111-V	UNKNOWN
КРЫШЕВАТЬ	112081-V	UNKNOWN
КРЫШЕВАТЬ	137375-V	UNKNOWN
КРЫШЕВАТЬ	7646-V	UNKNOWN
КРЫШЕВАТЬ	5295-V	UNKNOWN
КРЫШЕВАТЬ	5704-V	UNKNOWN
КРЯКАТЬ	107104-V	UNKNOWN
КРЯКАТЬ	115083-V	UNKNOWN
КРЯКАТЬ	132053-V	UNKNOWN
КРЯКАТЬ	130108-V	UNKNOWN
КРЯКАТЬ	112461-V	UNKNOWN
КРЯКАТЬ	125102-V	UNKNOWN
КРЯКАТЬ	114745-V	UNKNOWN
КРЯКАТЬ	115041-V	UNKNOWN
КРЯКАТЬ	144443-V	UNKNOWN
КРЯКАТЬ	111919-V	UNKNOWN
КУКАРЕКАТЬ	130108-V	UNKNOWN
КУКАРЕКАТЬ	129280-V	UNKNOWN
КУКАРЕКАТЬ	134434-V	UNKNOWN
КУКАРЕКАТЬ	107358-V	UNKNOWN
КУКАРЕКАТЬ	152845-V	UNKNOWN
КУКАРЕКАТЬ	125900-V	UNKNOWN
КУКАРЕКАТЬ	144443-V	UNKNOWN
КУКАРЕКАТЬ	134139-V	UNKNOWN
КУКАРЕКАТЬ	125102-V	UNKNOWN
КУКАРЕКАТЬ	115307-V	UNKNOWN
КУКОВАТЬ	112574-V	UNKNOWN
КУКОВАТЬ	130975-V	UNKNOWN
КУКОВАТЬ	107095-V	UNKNOWN
КУКОВАТЬ	115041-V	UNKNOWN
КУКОВАТЬ	107358-V	UNKNOWN
КУКОВАТЬ	132053-V	UNKNOWN
КУКОВАТЬ	115307-V	UNKNOWN
КУКОВАТЬ	112461-V	UNKNOWN
КУКОВАТЬ	129771-V	UNKNOWN
КУКОВАТЬ	107106-V	UNKNOWN
ЛАКАТЬ	115225-V	UNKNOWN
ЛАКАТЬ	123372-V	UNKNOWN
ЛАКАТЬ	123373-V	UNKNOWN
ЛАКАТЬ	153919-V	UNKNOWN
ЛАКАТЬ	112265-V	UNKNOWN
ЛАКАТЬ	117368-V	UNKNOWN
ЛАКАТЬ	133996-V	UNKNOWN
ЛАКАТЬ	7787-V	UNKNOWN
ЛАКАТЬ	116657-V	UNKNOWN
ЛАКАТЬ	116857-V	UNKNOWN
ЛЕВЕТЬ	118894-V	UNKNOWN
ЛЕВЕТЬ	149942-V	UNKNOWN
ЛЕВЕТЬ	137752-V	UNKNOWN
ЛЕВЕТЬ	133230-V	UNKNOWN
ЛЕВЕТЬ	137384-V	UNKNOWN
ЛЕВЕТЬ	107181-V	UNKNOWN
ЛЕВЕТЬ	118422-V	UNKNOWN
ЛЕВЕТЬ	124639-V	UNKNOWN
ЛЕВЕТЬ	116247-V	UNKNOWN
ЛЕВЕТЬ	129086-V	UNKNOWN
ЛЕГИТИМИЗОВАТЬ	124108-V	UNKNOWN
ЛЕГИТИМИЗОВАТЬ	133472-V	UNKNOWN
ЛЕГИТИМИЗОВАТЬ	145776-V	UNKNOWN
ЛЕГИТИМИЗОВАТЬ	145869-V	UNKNOWN
ЛЕГИТИМИЗОВАТЬ	139154-V	UNKNOWN
ЛЕГИТИМИЗОВАТЬ	124962-V	UNKNOWN
ЛЕГИТИМИЗОВАТЬ	142174-V	UNKNOWN
ЛЕГИТИМИЗОВАТЬ	117370-V	UNKNOWN
ЛЕГИТИМИЗОВАТЬ	140696-V	UNKNOWN
ЛЕГИТИМИЗОВАТЬ	127386-V	UNKNOWN
ЛОПОТАТЬ	118325-V	UNKNOWN
ЛОПОТАТЬ	125031-V	UNKNOWN
ЛОПОТАТЬ	152845-V	UNKNOWN
ЛОПОТАТЬ	113841-V	UNKNOWN
ЛОПОТАТЬ	134139-V	UNKNOWN
ЛОПОТАТЬ	115039-V	UNKNOWN
ЛОПОТАТЬ	118915-V	UNKNOWN
ЛОПОТАТЬ	131680-V	UNKNOWN
ЛОПОТАТЬ	114585-V	UNKNOWN
ЛОПОТАТЬ	107358-V	UNKNOWN
ЛУДИТЬ	110780-V	UNKNOWN
ЛУДИТЬ	111414-V	UNKNOWN
ЛУДИТЬ	117669-V	UNKNOWN
ЛУДИТЬ	111457-V	UNKNOWN
ЛУДИТЬ	107394-V	UNKNOWN
ЛУДИТЬ	117399-V	UNKNOWN
ЛУДИТЬ	137180-V	UNKNOWN
ЛУДИТЬ	111876-V	UNKNOWN
ЛУДИТЬ	108830-V	UNKNOWN
ЛУДИТЬ	116169-V	UNKNOWN
ЛУЗГАТЬ	112574-V	UNKNOWN
ЛУЗГАТЬ	130975-V	UNKNOWN
ЛУЗГАТЬ	107106-V	UNKNOWN
ЛУЗГАТЬ	107095-V	UNKNOWN
ЛУЗГАТЬ	112461-V	UNKNOWN
ЛУЗГАТЬ	117341-V	UNKNOWN
ЛУЗГАТЬ	114580-V	UNKNOWN
ЛУЗГАТЬ	116251-V	UNKNOWN
ЛУЗГАТЬ	115307-V	UNKNOWN
ЛУЗГАТЬ	111919-V	UNKNOWN
ЛЯГАТЬ	115870-V	UNKNOWN
ЛЯГАТЬ	117689-V	UNKNOWN
ЛЯГАТЬ	125999-V	UNKNOWN
ЛЯГАТЬ	120886-V	UNKNOWN
ЛЯГАТЬ	118257-V	UNKNOWN
ЛЯГАТЬ	141421-V	UNKNOWN
ЛЯГАТЬ	114585-V	UNKNOWN
ЛЯГАТЬ	111950-V	UNKNOWN
ЛЯГАТЬ	132730-V	UNKNOWN
ЛЯГАТЬ	141298-V	UNKNOWN
ЛЯГНУТЬ	124784-V	UNKNOWN
ЛЯГНУТЬ	133933-V	UNKNOWN
ЛЯГНУТЬ	144782-V	UNKNOWN
ЛЯГНУТЬ	115870-V	UNKNOWN
ЛЯГНУТЬ	107470-V	UNKNOWN
ЛЯГНУТЬ	132606-V	UNKNOWN
ЛЯГНУТЬ	117853-V	UNKNOWN
ЛЯГНУТЬ	120596-V	UNKNOWN
ЛЯГНУТЬ	141421-V	UNKNOWN
ЛЯГНУТЬ	121209-V	UNKNOWN
МАКАТЬ	111579-V	UNKNOWN
МАКАТЬ	107323-V	UNKNOWN
МАКАТЬ	118119-V	UNKNOWN
МАКАТЬ	133996-V	UNKNOWN
МАКАТЬ	128657-V	UNKNOWN
МАКАТЬ	133045-V	UNKNOWN
МАКАТЬ	116857-V	UNKNOWN
МАКАТЬ	131608-V	UNKNOWN
МАКАТЬ	115993-V	UNKNOWN
МАКАТЬ	119451-V	UNKNOWN
МАКНУТЬ	111579-V	UNKNOWN
МАКНУТЬ	120666-V	UNKNOWN
МАКНУТЬ	119451-V	UNKNOWN
МАКНУТЬ	131334-V	UNKNOWN
МАКНУТЬ	153964-V	UNKNOWN
МАКНУТЬ	128657-V	UNKNOWN
МАКНУТЬ	125830-V	UNKNOWN
МАКНУТЬ	111600-V	UNKNOWN
МАКНУТЬ	115993-V	UNKNOWN
МАКНУТЬ	151696-V	UNKNOWN
МЕЛИТЬ	118504-V	UNKNOWN
МЕЛИТЬ	114124-V	UNKNOWN
МЕЛИТЬ	6880-V	UNKNOWN
МЕЛИТЬ	133996-V	UNKNOWN
МЕЛИТЬ	129767-V	UNKNOWN
МЕЛИТЬ	118005-V	UNKNOWN
МЕЛИТЬ	119124-V	UNKNOWN
МЕЛИТЬ	131404-V	UNKNOWN
МЕЛИТЬ	111607-V	UNKNOWN
МЕЛИТЬ	116857-V	UNKNOWN
МЕЛЬТЕШИТЬ	123749-V	UNKNOWN
МЕЛЬТЕШИТЬ	144638-V	UNKNOWN
МЕЛЬТЕШИТЬ	131897-V	UNKNOWN
МЕЛЬТЕШИТЬ	125999-V	UNKNOWN
МЕЛЬТЕШИТЬ	129002-V	UNKNOWN
МЕЛЬТЕШИТЬ	117521-V	UNKNOWN
МЕЛЬТЕШИТЬ	140767-V	UNKNOWN
МЕЛЬТЕШИТЬ	128646-V	UNKNOWN
МЕЛЬТЕШИТЬ	121438-V	UNKNOWN
МЕЛЬТЕШИТЬ	143214-V	UNKNOWN
МОДЕРИРОВАТЬ	140796-V	UNKNOWN
МОДЕРИРОВАТЬ	1363-V	UNKNOWN
МОДЕРИРОВАТЬ	140914-V	UNKNOWN
МОДЕРИРОВАТЬ	147680-V	UNKNOWN
МОДЕРИРОВАТЬ	107129-V	UNKNOWN
МОДЕРИРОВАТЬ	6165-V	UNKNOWN
МОДЕРИРОВАТЬ	144297-V	UNKNOWN
МОДЕРИРОВАТЬ	121343-V	UNKNOWN
МОДЕРИРОВАТЬ	128899-V	UNKNOWN
МОДЕРИРОВАТЬ	138222-V	UNKNOWN
МОЗОЛИТЬ	118571-V	UNKNOWN
МОЗОЛИТЬ	115544-V	UNKNOWN
МОЗОЛИТЬ	134467-V	UNKNOWN
МОЗОЛИТЬ	130096-V	UNKNOWN
МОЗОЛИТЬ	115601-V	UNKNOWN
МОЗОЛИТЬ	2292-V	UNKNOWN
МОЗОЛИТЬ	131638-V	UNKNOWN
МОЗОЛИТЬ	119124-V	UNKNOWN
МОЗОЛИТЬ	140767-V	UNKNOWN
МОЗОЛИТЬ	112751-V	UNKNOWN
МОЛОДИТЬСЯ	114914-V	UNKNOWN
МОЛОДИТЬСЯ	106820-V	UNKNOWN
МОЛОДИТЬСЯ	114913-V	UNKNOWN
МОЛОДИТЬСЯ	118863-V	UNKNOWN
МОЛОДИТЬСЯ	132581-V	UNKNOWN
МОЛОДИТЬСЯ	124512-V	UNKNOWN
МОЛОДИТЬСЯ	125440-V	UNKNOWN
МОЛОДИТЬСЯ	110893-V	UNKNOWN
МОЛОДИТЬСЯ	125220-V	UNKNOWN
МОЛОДИТЬСЯ	128605-V	UNKNOWN
МОРЖЕВАТЬ	118154-V	UNKNOWN
МОРЖЕВАТЬ	120666-V	UNKNOWN
МОРЖЕВАТЬ	5796-V	UNKNOWN
МОРЖЕВАТЬ	112468-V	UNKNOWN
МОРЖЕВАТЬ	114517-V	UNKNOWN
МОРЖЕВАТЬ	126229-V	UNKNOWN
МОРЖЕВАТЬ	153686-V	UNKNOWN
МОРЖЕВАТЬ	124499-V	UNKNOWN
МОРЖЕВАТЬ	111980-V	UNKNOWN
МОРЖЕВАТЬ	120529-V	UNKNOWN
МРАЧНЕТЬ	125595-V	UNKNOWN
МРАЧНЕТЬ	110426-V	UNKNOWN
МРАЧНЕТЬ	132984-V	UNKNOWN
МРАЧНЕТЬ	120665-V	UNKNOWN
МРАЧНЕТЬ	123735-V	UNKNOWN
МРАЧНЕТЬ	125220-V	UNKNOWN
МРАЧНЕТЬ	111982-V	UNKNOWN
МРАЧНЕТЬ	127305-V	UNKNOWN
МРАЧНЕТЬ	122094-V	UNKNOWN
МРАЧНЕТЬ	132996-V	UNKNOWN
МУЗЕЕФИЦИРОВАТЬ	106950-V	UNKNOWN
МУЗЕЕФИЦИРОВАТЬ	8240-V	UNKNOWN
МУЗЕЕФИЦИРОВАТЬ	142398-V	UNKNOWN
МУЗЕЕФИЦИРОВАТЬ	114457-V	UNKNOWN
МУЗЕЕФИЦИРОВАТЬ	117038-V	UNKNOWN
МУЗЕЕФИЦИРОВАТЬ	106887-V	UNKNOWN
МУЗЕЕФИЦИРОВАТЬ	115814-V	UNKNOWN
МУЗЕЕФИЦИРОВАТЬ	117035-V	UNKNOWN
МУЗЕЕФИЦИРОВАТЬ	131853-V	UNKNOWN
МУЗЕЕФИЦИРОВАТЬ	107604-V	UNKNOWN
МУМИФИЦИРОВАТЬ	149923-V	UNKNOWN
МУМИФИЦИРОВАТЬ	129062-V	UNKNOWN
МУМИФИЦИРОВАТЬ	115301-V	UNKNOWN
МУМИФИЦИРОВАТЬ	9888-V	UNKNOWN
МУМИФИЦИРОВАТЬ	5537-V	UNKNOWN
МУМИФИЦИРОВАТЬ	145831-V	UNKNOWN
МУМИФИЦИРОВАТЬ	111684-V	UNKNOWN
МУМИФИЦИРОВАТЬ	117521-V	UNKNOWN
МУМИФИЦИРОВАТЬ	114245-V	UNKNOWN
МУМИФИЦИРОВАТЬ	128659-V	UNKNOWN
МУРЧАТЬ	114746-V	UNKNOWN
МУРЧАТЬ	112574-V	UNKNOWN
МУРЧАТЬ	132053-V	UNKNOWN
МУРЧАТЬ	107095-V	UNKNOWN
МУРЧАТЬ	115041-V	UNKNOWN
МУРЧАТЬ	114745-V	UNKNOWN
МУРЧАТЬ	107106-V	UNKNOWN
МУРЧАТЬ	107362-V	UNKNOWN
МУРЧАТЬ	113841-V	UNKNOWN
МУРЧАТЬ	112922-V	UNKNOWN
МЯМЛИТЬ	116859-V	UNKNOWN
МЯМЛИТЬ	118450-V	UNKNOWN
МЯМЛИТЬ	133497-V	UNKNOWN
МЯМЛИТЬ	111135-V	UNKNOWN
МЯМЛИТЬ	121438-V	UNKNOWN
МЯМЛИТЬ	116842-V	UNKNOWN
МЯМЛИТЬ	125999-V	UNKNOWN
МЯМЛИТЬ	142022-V	UNKNOWN
МЯМЛИТЬ	115202-V	UNKNOWN
МЯМЛИТЬ	119939-V	UNKNOWN
МЯУКАТЬ	107106-V	UNKNOWN
МЯУКАТЬ	107358-V	UNKNOWN
МЯУКАТЬ	107402-V	UNKNOWN
МЯУКАТЬ	113288-V	UNKNOWN
МЯУКАТЬ	132053-V	UNKNOWN
МЯУКАТЬ	107095-V	UNKNOWN
МЯУКАТЬ	112461-V	UNKNOWN
МЯУКАТЬ	111919-V	UNKNOWN
МЯУКАТЬ	107362-V	UNKNOWN
МЯУКАТЬ	115041-V	UNKNOWN
НАВАРИТЬСЯ	111436-V	UNKNOWN
НАВАРИТЬСЯ	116711-V	UNKNOWN
НАВАРИТЬСЯ	116200-V	UNKNOWN
НАВАРИТЬСЯ	126461-V	UNKNOWN
НАВАРИТЬСЯ	117660-V	UNKNOWN
НАВАРИТЬСЯ	131063-V	UNKNOWN
НАВАРИТЬСЯ	117480-V	UNKNOWN
НАВАРИТЬСЯ	134257-V	UNKNOWN
НАВАРИТЬСЯ	141499-V	UNKNOWN
НАВАРИТЬСЯ	118899-V	UNKNOWN
НАГОВОРИТЬСЯ	117689-V	UNKNOWN
НАГОВОРИТЬСЯ	119124-V	UNKNOWN
НАГОВОРИТЬСЯ	123563-V	UNKNOWN
НАГОВОРИТЬСЯ	131897-V	UNKNOWN
НАГОВОРИТЬСЯ	135679-V	UNKNOWN
НАГОВОРИТЬСЯ	120767-V	UNKNOWN
НАГОВОРИТЬСЯ	112045-V	UNKNOWN
НАГОВОРИТЬСЯ	130172-V	UNKNOWN
НАГОВОРИТЬСЯ	117994-V	UNKNOWN
НАГОВОРИТЬСЯ	115439-V	UNKNOWN
НАДКУСИТЬ	114580-V	UNKNOWN
НАДКУСИТЬ	115189-V	UNKNOWN
НАДКУСИТЬ	115191-V	UNKNOWN
НАДКУСИТЬ	132721-V	UNKNOWN
НАДКУСИТЬ	132763-V	UNKNOWN
НАДКУСИТЬ	118899-V	UNKNOWN
НАДКУСИТЬ	151328-V	UNKNOWN
НАДКУСИТЬ	124269-V	UNKNOWN
НАДКУСИТЬ	112430-V	UNKNOWN
НАДКУСИТЬ	132766-V	UNKNOWN
НАДУРИТЬ	116726-V	UNKNOWN
НАДУРИТЬ	150134-V	UNKNOWN
НАДУРИТЬ	143878-V	UNKNOWN
НАДУРИТЬ	116820-V	UNKNOWN
НАДУРИТЬ	126461-V	UNKNOWN
НАДУРИТЬ	120165-V	UNKNOWN
НАДУРИТЬ	142029-V	UNKNOWN
НАДУРИТЬ	148390-V	UNKNOWN
НАДУРИТЬ	132095-V	UNKNOWN
НАДУРИТЬ	115667-V	UNKNOWN
НАЖИВИТЬ	115667-V	UNKNOWN
НАЖИВИТЬ	115709-V	UNKNOWN
НАЖИВИТЬ	115708-V	UNKNOWN
НАЖИВИТЬ	126461-V	UNKNOWN
НАЖИВИТЬ	132736-V	UNKNOWN
НАЖИВИТЬ	118110-V	UNKNOWN
НАЖИВИТЬ	112042-V	UNKNOWN
НАЖИВИТЬ	132740-V	UNKNOWN
НАЖИВИТЬ	139168-V	UNKNOWN
НАЖИВИТЬ	128611-V	UNKNOWN
НАКАТЫВАТЬСЯ	152910-V	UNKNOWN
НАКАТЫВАТЬСЯ	107469-V	UNKNOWN
НАКАТЫВАТЬСЯ	139682-V	UNKNOWN
НАКАТЫВАТЬСЯ	107513-V	UNKNOWN
НАКАТЫВАТЬСЯ	111094-V	UNKNOWN
НАКАТЫВАТЬСЯ	123778-V	UNKNOWN
НАКАТЫВАТЬСЯ	116044-V	UNKNOWN
НАКАТЫВАТЬСЯ	107470-V	UNKNOWN
НАКАТЫВАТЬСЯ	111723-V	UNKNOWN
НАКАТЫВАТЬСЯ	144457-V	UNKNOWN
НАКОЛДОВАТЬ	126176-V	UNKNOWN
НАКОЛДОВАТЬ	121366-V	UNKNOWN
НАКОЛДОВАТЬ	137945-V	UNKNOWN
НАКОЛДОВАТЬ	126461-V	UNKNOWN
НАКОЛДОВАТЬ	132740-V	UNKNOWN
НАКОЛДОВАТЬ	137926-V	UNKNOWN
НАКОЛДОВАТЬ	117078-V	UNKNOWN
НАКОЛДОВАТЬ	140795-V	UNKNOWN
НАКОЛДОВАТЬ	132732-V	UNKNOWN
НАКОЛДОВАТЬ	109445-V	UNKNOWN
НАКРАПЫВАТЬ	114525-V	UNKNOWN
НАКРАПЫВАТЬ	120389-V	UNKNOWN
НАКРАПЫВАТЬ	126461-V	UNKNOWN
НАКРАПЫВАТЬ	116665-V	UNKNOWN
НАКРАПЫВАТЬ	132736-V	UNKNOWN
НАКРАПЫВАТЬ	114692-V	UNKNOWN
НАКРАПЫВАТЬ	138444-V	UNKNOWN
НАКРАПЫВАТЬ	111658-V	UNKNOWN
НАКРАПЫВАТЬ	116767-V	UNKNOWN
НАКРАПЫВАТЬ	126097-V	UNKNOWN
НАКУРИТЬСЯ	6918-V	UNKNOWN
НАКУРИТЬСЯ	7787-V	UNKNOWN
НАКУРИТЬСЯ	132721-V	UNKNOWN
НАКУРИТЬСЯ	149766-V	UNKNOWN
НАКУРИТЬСЯ	124247-V	UNKNOWN
НАКУРИТЬСЯ	116796-V	UNKNOWN
НАКУРИТЬСЯ	131063-V	UNKNOWN
НАКУРИТЬСЯ	142468-V	UNKNOWN
НАКУРИТЬСЯ	125999-V	UNKNOWN
НАКУРИТЬСЯ	132732-V	UNKNOWN
НАЛЕЗТЬ	116259-V	UNKNOWN
НАЛЕЗТЬ	116512-V	UNKNOWN
НАЛЕЗТЬ	119740-V	UNKNOWN
НАЛЕЗТЬ	132736-V	UNKNOWN
НАЛЕЗТЬ	118899-V	UNKNOWN
НАЛЕЗТЬ	132732-V	UNKNOWN
НАЛЕЗТЬ	134139-V	UNKNOWN
НАЛЕЗТЬ	120146-V	UNKNOWN
НАЛЕЗТЬ	117068-V	UNKNOWN
НАЛЕЗТЬ	120389-V	UNKNOWN
НАМАЗАТЬСЯ	116505-V	UNKNOWN
НАМАЗАТЬСЯ	153686-V	UNKNOWN
НАМАЗАТЬСЯ	126461-V	UNKNOWN
НАМАЗАТЬСЯ	107323-V	UNKNOWN
НАМАЗАТЬСЯ	110780-V	UNKNOWN
НАМАЗАТЬСЯ	111658-V	UNKNOWN
НАМАЗАТЬСЯ	117078-V	UNKNOWN
НАМАЗАТЬСЯ	115716-V	UNKNOWN
НАМАЗАТЬСЯ	111414-V	UNKNOWN
НАМАЗАТЬСЯ	115443-V	UNKNOWN
НАМЫЛИТЬСЯ	133996-V	UNKNOWN
НАМЫЛИТЬСЯ	149011-V	UNKNOWN
НАМЫЛИТЬСЯ	116505-V	UNKNOWN
НАМЫЛИТЬСЯ	153686-V	UNKNOWN
НАМЫЛИТЬСЯ	114639-V	UNKNOWN
НАМЫЛИТЬСЯ	140767-V	UNKNOWN
НАМЫЛИТЬСЯ	111658-V	UNKNOWN
НАМЫЛИТЬСЯ	116857-V	UNKNOWN
НАМЫЛИТЬСЯ	115601-V	UNKNOWN
НАМЫЛИТЬСЯ	112386-V	UNKNOWN
НАРАБОТАТЬСЯ	118368-V	UNKNOWN
НАРАБОТАТЬСЯ	118297-V	UNKNOWN
НАРАБОТАТЬСЯ	119934-V	UNKNOWN
НАРАБОТАТЬСЯ	114525-V	UNKNOWN
НАРАБОТАТЬСЯ	121123-V	UNKNOWN
НАРАБОТАТЬСЯ	144786-V	UNKNOWN
НАРАБОТАТЬСЯ	132732-V	UNKNOWN
НАРАБОТАТЬСЯ	127307-V	UNKNOWN
НАРАБОТАТЬСЯ	119670-V	UNKNOWN
НАРАБОТАТЬСЯ	118018-V	UNKNOWN
НАРЫВАТЬСЯ	131365-V	UNKNOWN
НАРЫВАТЬСЯ	134139-V	UNKNOWN
НАРЫВАТЬСЯ	120393-V	UNKNOWN
НАРЫВАТЬСЯ	120616-V	UNKNOWN
НАРЫВАТЬСЯ	131063-V	UNKNOWN
НАРЫВАТЬСЯ	141499-V	UNKNOWN
НАРЫВАТЬСЯ	149766-V	UNKNOWN
НАРЫВАТЬСЯ	140829-V	UNKNOWN
НАРЫВАТЬСЯ	130372-V	UNKNOWN
НАРЫВАТЬСЯ	117480-V	UNKNOWN
НАСКОЧИТЬ	114589-V	UNKNOWN
НАСКОЧИТЬ	114579-V	UNKNOWN
НАСКОЧИТЬ	124595-V	UNKNOWN
НАСКОЧИТЬ	133619-V	UNKNOWN
НАСКОЧИТЬ	120616-V	UNKNOWN
НАСКОЧИТЬ	117934-V	UNKNOWN
НАСКОЧИТЬ	149766-V	UNKNOWN
НАСКОЧИТЬ	119795-V	UNKNOWN
НАСКОЧИТЬ	138483-V	UNKNOWN
НАСКОЧИТЬ	124720-V	UNKNOWN
НАХЛОБУЧИТЬ	143878-V	UNKNOWN
НАХЛОБУЧИТЬ	132740-V	UNKNOWN
НАХЛОБУЧИТЬ	140795-V	UNKNOWN
НАХЛОБУЧИТЬ	137926-V	UNKNOWN
НАХЛОБУЧИТЬ	117129-V	UNKNOWN
НАХЛОБУЧИТЬ	131334-V	UNKNOWN
НАХЛОБУЧИТЬ	142029-V	UNKNOWN
НАХЛОБУЧИТЬ	119152-V	UNKNOWN
НАХЛОБУЧИТЬ	118205-V	UNKNOWN
НАХЛОБУЧИТЬ	118257-V	UNKNOWN
НЕДОФИНАНСИРОВАТЬ	140584-V	UNKNOWN
НЕДОФИНАНСИРОВАТЬ	132922-V	UNKNOWN
НЕДОФИНАНСИРОВАТЬ	114073-V	UNKNOWN
НЕДОФИНАНСИРОВАТЬ	142076-V	UNKNOWN
НЕДОФИНАНСИРОВАТЬ	738-V	UNKNOWN
НЕДОФИНАНСИРОВАТЬ	135549-V	UNKNOWN
НЕДОФИНАНСИРОВАТЬ	142400-V	UNKNOWN
НЕДОФИНАНСИРОВАТЬ	1971-V	UNKNOWN
НЕДОФИНАНСИРОВАТЬ	115361-V	UNKNOWN
НЕДОФИНАНСИРОВАТЬ	106829-V	UNKNOWN
НИСХОДИТЬ	107447-V	UNKNOWN
НИСХОДИТЬ	115547-V	UNKNOWN
НИСХОДИТЬ	117787-V	UNKNOWN
НИСХОДИТЬ	146464-V	UNKNOWN
НИСХОДИТЬ	115151-V	UNKNOWN
НИСХОДИТЬ	110893-V	UNKNOWN
НИСХОДИТЬ	114452-V	UNKNOWN
НИСХОДИТЬ	118188-V	UNKNOWN
НИСХОДИТЬ	144032-V	UNKNOWN
НИСХОДИТЬ	151703-V	UNKNOWN
ОБВАРИТЬ	106808-V	UNKNOWN
ОБВАРИТЬ	147300-V	UNKNOWN
ОБВАРИТЬ	112965-V	UNKNOWN
ОБВАРИТЬ	129794-V	UNKNOWN
ОБВАРИТЬ	141390-V	UNKNOWN
ОБВАРИТЬ	117284-V	UNKNOWN
ОБВАРИТЬ	131680-V	UNKNOWN
ОБВАРИТЬ	111049-V	UNKNOWN
ОБВАРИТЬ	143733-V	UNKNOWN
ОБВАРИТЬ	137261-V	UNKNOWN
ОБЕЗДОЛИТЬ	133230-V	UNKNOWN
ОБЕЗДОЛИТЬ	117324-V	UNKNOWN
ОБЕЗДОЛИТЬ	117317-V	UNKNOWN
ОБЕЗДОЛИТЬ	129300-V	UNKNOWN
ОБЕЗДОЛИТЬ	130806-V	UNKNOWN
ОБЕЗДОЛИТЬ	128432-V	UNKNOWN
ОБЕЗДОЛИТЬ	132721-V	UNKNOWN
ОБЕЗДОЛИТЬ	128668-V	UNKNOWN
ОБЕЗДОЛИТЬ	9473-V	UNKNOWN
ОБЕЗДОЛИТЬ	130771-V	UNKNOWN
ОБЕЗЛИЧИТЬ	117847-V	UNKNOWN
ОБЕЗЛИЧИТЬ	118233-V	UNKNOWN
ОБЕЗЛИЧИТЬ	117324-V	UNKNOWN
ОБЕЗЛИЧИТЬ	133087-V	UNKNOWN
ОБЕЗЛИЧИТЬ	142368-V	UNKNOWN
ОБЕЗЛИЧИТЬ	133045-V	UNKNOWN
ОБЕЗЛИЧИТЬ	117846-V	UNKNOWN
ОБЕЗЛИЧИТЬ	115882-V	UNKNOWN
ОБЕЗЛИЧИТЬ	128432-V	UNKNOWN
ОБЕЗЛИЧИТЬ	137752-V	UNKNOWN
ОБЕЗОБРАЗИТЬ	128432-V	UNKNOWN
ОБЕЗОБРАЗИТЬ	144617-V	UNKNOWN
ОБЕЗОБРАЗИТЬ	141343-V	UNKNOWN
ОБЕЗОБРАЗИТЬ	118343-V	UNKNOWN
ОБЕЗОБРАЗИТЬ	115994-V	UNKNOWN
ОБЕЗОБРАЗИТЬ	110780-V	UNKNOWN
ОБЕЗОБРАЗИТЬ	115856-V	UNKNOWN
ОБЕЗОБРАЗИТЬ	120023-V	UNKNOWN
ОБЕЗОБРАЗИТЬ	111876-V	UNKNOWN
ОБЕЗОБРАЗИТЬ	133045-V	UNKNOWN
ОБЕССМЫСЛИТЬ	133356-V	UNKNOWN
ОБЕССМЫСЛИТЬ	117324-V	UNKNOWN
ОБЕССМЫСЛИТЬ	130806-V	UNKNOWN
ОБЕССМЫСЛИТЬ	137752-V	UNKNOWN
ОБЕССМЫСЛИТЬ	115913-V	UNKNOWN
ОБЕССМЫСЛИТЬ	133230-V	UNKNOWN
ОБЕССМЫСЛИТЬ	114935-V	UNKNOWN
ОБЕССМЫСЛИТЬ	151402-V	UNKNOWN
ОБЕССМЫСЛИТЬ	120665-V	UNKNOWN
ОБЕССМЫСЛИТЬ	116387-V	UNKNOWN
ОБЕСЦВЕТИТЬ	130806-V	UNKNOWN
ОБЕСЦВЕТИТЬ	124429-V	UNKNOWN
ОБЕСЦВЕТИТЬ	129134-V	UNKNOWN
ОБЕСЦВЕТИТЬ	140604-V	UNKNOWN
ОБЕСЦВЕТИТЬ	117324-V	UNKNOWN
ОБЕСЦВЕТИТЬ	130503-V	UNKNOWN
ОБЕСЦВЕТИТЬ	4316-V	UNKNOWN
ОБЕСЦВЕТИТЬ	137752-V	UNKNOWN
ОБЕСЦВЕТИТЬ	115549-V	UNKNOWN
ОБЕСЦВЕТИТЬ	130771-V	UNKNOWN
ОБЛОКОТИТЬСЯ	117843-V	UNKNOWN
ОБЛОКОТИТЬСЯ	123372-V	UNKNOWN
ОБЛОКОТИТЬСЯ	133040-V	UNKNOWN
ОБЛОКОТИТЬСЯ	146632-V	UNKNOWN
ОБЛОКОТИТЬСЯ	154228-V	UNKNOWN
ОБЛОКОТИТЬСЯ	117842-V	UNKNOWN
ОБЛОКОТИТЬСЯ	124699-V	UNKNOWN
ОБЛОКОТИТЬСЯ	115205-V	UNKNOWN
ОБЛОКОТИТЬСЯ	143879-V	UNKNOWN
ОБЛОКОТИТЬСЯ	120702-V	UNKNOWN
ОБОБЩЕСТВИТЬ	112075-V	UNKNOWN
ОБОБЩЕСТВИТЬ	118047-V	UNKNOWN
ОБОБЩЕСТВИТЬ	107533-V	UNKNOWN
ОБОБЩЕСТВИТЬ	149905-V	UNKNOWN
ОБОБЩЕСТВИТЬ	112077-V	UNKNOWN
ОБОБЩЕСТВИТЬ	120105-V	UNKNOWN
ОБОБЩЕСТВИТЬ	118814-V	UNKNOWN
ОБОБЩЕСТВИТЬ	110049-V	UNKNOWN
ОБОБЩЕСТВИТЬ	111265-V	UNKNOWN
ОБОБЩЕСТВИТЬ	143286-V	UNKNOWN
ОБОЗНАТЬСЯ	133082-V	UNKNOWN
ОБОЗНАТЬСЯ	146687-V	UNKNOWN
ОБОЗНАТЬСЯ	129093-V	UNKNOWN
ОБОЗНАТЬСЯ	142368-V	UNKNOWN
ОБОЗНАТЬСЯ	119932-V	UNKNOWN
ОБОЗНАТЬСЯ	117370-V	UNKNOWN
ОБОЗНАТЬСЯ	119664-V	UNKNOWN
ОБОЗНАТЬСЯ	142912-V	UNKNOWN
ОБОЗНАТЬСЯ	114457-V	UNKNOWN
ОБОЗНАТЬСЯ	151481-V	UNKNOWN
ОБРУСЕТЬ	125999-V	UNKNOWN
ОБРУСЕТЬ	139618-V	UNKNOWN
ОБРУСЕТЬ	147288-V	UNKNOWN
ОБРУСЕТЬ	107358-V	UNKNOWN
ОБРУСЕТЬ	131680-V	UNKNOWN
ОБРУСЕТЬ	117126-V	UNKNOWN
ОБРУСЕТЬ	117689-V	UNKNOWN
ОБРУСЕТЬ	134139-V	UNKNOWN
ОБРУСЕТЬ	109445-V	UNKNOWN
ОБРУСЕТЬ	137926-V	UNKNOWN
ОБТЕКАТЬ	115274-V	UNKNOWN
ОБТЕКАТЬ	127232-V	UNKNOWN
ОБТЕКАТЬ	132109-V	UNKNOWN
ОБТЕКАТЬ	133233-V	UNKNOWN
ОБТЕКАТЬ	123540-V	UNKNOWN
ОБТЕКАТЬ	115204-V	UNKNOWN
ОБТЕКАТЬ	133619-V	UNKNOWN
ОБТЕКАТЬ	116581-V	UNKNOWN
ОБТЕКАТЬ	139682-V	UNKNOWN
ОБТЕКАТЬ	120277-V	UNKNOWN
ОБТЯНУТЬ	119152-V	UNKNOWN
ОБТЯНУТЬ	123923-V	UNKNOWN
ОБТЯНУТЬ	143879-V	UNKNOWN
ОБТЯНУТЬ	133040-V	UNKNOWN
ОБТЯНУТЬ	110780-V	UNKNOWN
ОБТЯНУТЬ	115856-V	UNKNOWN
ОБТЯНУТЬ	115667-V	UNKNOWN
ОБТЯНУТЬ	131385-V	UNKNOWN
ОБТЯНУТЬ	120557-V	UNKNOWN
ОБТЯНУТЬ	115443-V	UNKNOWN
ОБШАРПАТЬ	120232-V	UNKNOWN
ОБШАРПАТЬ	152588-V	UNKNOWN
ОБШАРПАТЬ	128801-V	UNKNOWN
ОБШАРПАТЬ	331-V	UNKNOWN
ОБШАРПАТЬ	112386-V	UNKNOWN
ОБШАРПАТЬ	131068-V	UNKNOWN
ОБШАРПАТЬ	111863-V	UNKNOWN
ОБШАРПАТЬ	131632-V	UNKNOWN
ОБШАРПАТЬ	111659-V	UNKNOWN
ОБШАРПАТЬ	112810-V	UNKNOWN
ОВЕЩЕСТВИТЬ	106493-V	UNKNOWN
ОВЕЩЕСТВИТЬ	111554-V	UNKNOWN
ОВЕЩЕСТВИТЬ	140451-V	UNKNOWN
ОВЕЩЕСТВИТЬ	106558-V	UNKNOWN
ОВЕЩЕСТВИТЬ	112042-V	UNKNOWN
ОВЕЩЕСТВИТЬ	106631-V	UNKNOWN
ОВЕЩЕСТВИТЬ	139169-V	UNKNOWN
ОВЕЩЕСТВИТЬ	137963-V	UNKNOWN
ОВЕЩЕСТВИТЬ	114103-V	UNKNOWN
ОВЕЩЕСТВИТЬ	106496-V	UNKNOWN
ОДРЯХЛЕТЬ	120282-V	UNKNOWN
ОДРЯХЛЕТЬ	120280-V	UNKNOWN
ОДРЯХЛЕТЬ	120281-V	UNKNOWN
ОДРЯХЛЕТЬ	115856-V	UNKNOWN
ОДРЯХЛЕТЬ	146632-V	UNKNOWN
ОДРЯХЛЕТЬ	133045-V	UNKNOWN
ОДРЯХЛЕТЬ	115282-V	UNKNOWN
ОДРЯХЛЕТЬ	120686-V	UNKNOWN
ОДРЯХЛЕТЬ	110780-V	UNKNOWN
ОДРЯХЛЕТЬ	115145-V	UNKNOWN
ОДУРМАНИВАТЬ	117302-V	UNKNOWN
ОДУРМАНИВАТЬ	119974-V	UNKNOWN
ОДУРМАНИВАТЬ	134424-V	UNKNOWN
ОДУРМАНИВАТЬ	134168-V	UNKNOWN
ОДУРМАНИВАТЬ	114599-V	UNKNOWN
ОДУРМАНИВАТЬ	5796-V	UNKNOWN
ОДУРМАНИВАТЬ	114934-V	UNKNOWN
ОДУРМАНИВАТЬ	120382-V	UNKNOWN
ОДУРМАНИВАТЬ	2889-V	UNKNOWN
ОДУРМАНИВАТЬ	124167-V	UNKNOWN
ОЗЛОБИТЬ	117674-V	UNKNOWN
ОЗЛОБИТЬ	135144-V	UNKNOWN
ОЗЛОБИТЬ	131680-V	UNKNOWN
ОЗЛОБИТЬ	120973-V	UNKNOWN
ОЗЛОБИТЬ	117811-V	UNKNOWN
ОЗЛОБИТЬ	123602-V	UNKNOWN
ОЗЛОБИТЬ	154747-V	UNKNOWN
ОЗЛОБИТЬ	118200-V	UNKNOWN
ОЗЛОБИТЬ	114762-V	UNKNOWN
ОЗЛОБИТЬ	127308-V	UNKNOWN
ОКАТИТЬ	116831-V	UNKNOWN
ОКАТИТЬ	118263-V	UNKNOWN
ОКАТИТЬ	133040-V	UNKNOWN
ОКАТИТЬ	111414-V	UNKNOWN
ОКАТИТЬ	116505-V	UNKNOWN
ОКАТИТЬ	110779-V	UNKNOWN
ОКАТИТЬ	115145-V	UNKNOWN
ОКАТИТЬ	133726-V	UNKNOWN
ОКАТИТЬ	146624-V	UNKNOWN
ОКАТИТЬ	143879-V	UNKNOWN
ОКОПАТЬ	131927-V	UNKNOWN
ОКОПАТЬ	141500-V	UNKNOWN
ОКОПАТЬ	133322-V	UNKNOWN
ОКОПАТЬ	117359-V	UNKNOWN
ОКОПАТЬ	112354-V	UNKNOWN
ОКОПАТЬ	113065-V	UNKNOWN
ОКОПАТЬ	123936-V	UNKNOWN
ОКОПАТЬ	148955-V	UNKNOWN
ОКОПАТЬ	111658-V	UNKNOWN
ОКОПАТЬ	131480-V	UNKNOWN
ОКОТИТЬСЯ	128605-V	UNKNOWN
ОКОТИТЬСЯ	128603-V	UNKNOWN
ОКОТИТЬСЯ	134157-V	UNKNOWN
ОКОТИТЬСЯ	146632-V	UNKNOWN
ОКОТИТЬСЯ	133040-V	UNKNOWN
ОКОТИТЬСЯ	137413-V	UNKNOWN
ОКОТИТЬСЯ	118896-V	UNKNOWN
ОКОТИТЬСЯ	131137-V	UNKNOWN
ОКОТИТЬСЯ	118263-V	UNKNOWN
ОКОТИТЬСЯ	107129-V	UNKNOWN
ОПЕРИТЬСЯ	106676-V	UNKNOWN
ОПЕРИТЬСЯ	121461-V	UNKNOWN
ОПЕРИТЬСЯ	116861-V	UNKNOWN
ОПЕРИТЬСЯ	141510-V	UNKNOWN
ОПЕРИТЬСЯ	144688-V	UNKNOWN
ОПЕРИТЬСЯ	119323-V	UNKNOWN
ОПЕРИТЬСЯ	116824-V	UNKNOWN
ОПЕРИТЬСЯ	139584-V	UNKNOWN
ОПЕРИТЬСЯ	118170-V	UNKNOWN
ОПЕРИТЬСЯ	123506-V	UNKNOWN
ОПЛАВИТЬ	129062-V	UNKNOWN
ОПЛАВИТЬ	128657-V	UNKNOWN
ОПЛАВИТЬ	116097-V	UNKNOWN
ОПЛАВИТЬ	114245-V	UNKNOWN
ОПЛАВИТЬ	129701-V	UNKNOWN
ОПЛАВИТЬ	115797-V	UNKNOWN
ОПЛАВИТЬ	111975-V	UNKNOWN
ОПЛАВИТЬ	111680-V	UNKNOWN
ОПЛАВИТЬ	126185-V	UNKNOWN
ОПЛАВИТЬ	111839-V	UNKNOWN
ОПОИТЬ	7787-V	UNKNOWN
ОПОИТЬ	123372-V	UNKNOWN
ОПОИТЬ	6918-V	UNKNOWN
ОПОИТЬ	153919-V	UNKNOWN
ОПОИТЬ	123373-V	UNKNOWN
ОПОИТЬ	116657-V	UNKNOWN
ОПОИТЬ	131063-V	UNKNOWN
ОПОИТЬ	126246-V	UNKNOWN
ОПОИТЬ	8269-V	UNKNOWN
ОПОИТЬ	114475-V	UNKNOWN
ОПОСТЫЛЕТЬ	141333-V	UNKNOWN
ОПОСТЫЛЕТЬ	133356-V	UNKNOWN
ОПОСТЫЛЕТЬ	131680-V	UNKNOWN
ОПОСТЫЛЕТЬ	117317-V	UNKNOWN
ОПОСТЫЛЕТЬ	131594-V	UNKNOWN
ОПОСТЫЛЕТЬ	117381-V	UNKNOWN
ОПОСТЫЛЕТЬ	118501-V	UNKNOWN
ОПОСТЫЛЕТЬ	127194-V	UNKNOWN
ОПОСТЫЛЕТЬ	151302-V	UNKNOWN
ОПОСТЫЛЕТЬ	140675-V	UNKNOWN
ОПОШЛИТЬ	116833-V	UNKNOWN
ОПОШЛИТЬ	119902-V	UNKNOWN
ОПОШЛИТЬ	117376-V	UNKNOWN
ОПОШЛИТЬ	132985-V	UNKNOWN
ОПОШЛИТЬ	139096-V	UNKNOWN
ОПОШЛИТЬ	117414-V	UNKNOWN
ОПОШЛИТЬ	150435-V	UNKNOWN
ОПОШЛИТЬ	125890-V	UNKNOWN
ОПОШЛИТЬ	127295-V	UNKNOWN
ОПОШЛИТЬ	131063-V	UNKNOWN
ОПРИХОДОВАТЬ	144354-V	UNKNOWN
ОПРИХОДОВАТЬ	144432-V	UNKNOWN
ОПРИХОДОВАТЬ	107129-V	UNKNOWN
ОПРИХОДОВАТЬ	143705-V	UNKNOWN
ОПРИХОДОВАТЬ	129762-V	UNKNOWN
ОПРИХОДОВАТЬ	120041-V	UNKNOWN
ОПРИХОДОВАТЬ	126166-V	UNKNOWN
ОПРИХОДОВАТЬ	138363-V	UNKNOWN
ОПРИХОДОВАТЬ	9469-V	UNKNOWN
ОПРИХОДОВАТЬ	141349-V	UNKNOWN
ОСЕМЕНЯТЬ	2584-V	UNKNOWN
ОСЕМЕНЯТЬ	126461-V	UNKNOWN
ОСЕМЕНЯТЬ	147098-V	UNKNOWN
ОСЕМЕНЯТЬ	123622-V	UNKNOWN
ОСЕМЕНЯТЬ	322-V	UNKNOWN
ОСЕМЕНЯТЬ	143095-V	UNKNOWN
ОСЕМЕНЯТЬ	4939-V	UNKNOWN
ОСЕМЕНЯТЬ	112815-V	UNKNOWN
ОСЕМЕНЯТЬ	6880-V	UNKNOWN
ОСЕМЕНЯТЬ	114728-V	UNKNOWN
ОСКАЛИТЬ	116285-V	UNKNOWN
ОСКАЛИТЬ	117332-V	UNKNOWN
ОСКАЛИТЬ	128675-V	UNKNOWN
ОСКАЛИТЬ	134257-V	UNKNOWN
ОСКАЛИТЬ	120440-V	UNKNOWN
ОСКАЛИТЬ	144972-V	UNKNOWN
ОСКАЛИТЬ	117338-V	UNKNOWN
ОСКАЛИТЬ	119706-V	UNKNOWN
ОСКАЛИТЬ	119755-V	UNKNOWN
ОСКАЛИТЬ	117811-V	UNKNOWN
ОСТОЧЕРТЕТЬ	106558-V	UNKNOWN
ОСТОЧЕРТЕТЬ	123558-V	UNKNOWN
ОСТОЧЕРТЕТЬ	112412-V	UNKNOWN
ОСТОЧЕРТЕТЬ	133086-V	UNKNOWN
ОСТОЧЕРТЕТЬ	116162-V	UNKNOWN
ОСТОЧЕРТЕТЬ	127073-V	UNKNOWN
ОСТОЧЕРТЕТЬ	152828-V	UNKNOWN
ОСТОЧЕРТЕТЬ	106636-V	UNKNOWN
ОСТОЧЕРТЕТЬ	106643-V	UNKNOWN
ОСТОЧЕРТЕТЬ	110809-V	UNKNOWN
ОТВЯЗАТЬ	130503-V	UNKNOWN
ОТВЯЗАТЬ	130504-V	UNKNOWN
ОТВЯЗАТЬ	151533-V	UNKNOWN
ОТВЯЗАТЬ	137289-V	UNKNOWN
ОТВЯЗАТЬ	118450-V	UNKNOWN
ОТВЯЗАТЬ	116473-V	UNKNOWN
ОТВЯЗАТЬ	125566-V	UNKNOWN
ОТВЯЗАТЬ	123737-V	UNKNOWN
ОТВЯЗАТЬ	133497-V	UNKNOWN
ОТВЯЗАТЬ	115547-V	UNKNOWN
ОТДАВИТЬ	115996-V	UNKNOWN
ОТДАВИТЬ	115994-V	UNKNOWN
ОТДАВИТЬ	112548-V	UNKNOWN
ОТДАВИТЬ	112855-V	UNKNOWN
ОТДАВИТЬ	130503-V	UNKNOWN
ОТДАВИТЬ	116473-V	UNKNOWN
ОТДАВИТЬ	107417-V	UNKNOWN
ОТДАВИТЬ	115247-V	UNKNOWN
ОТДАВИТЬ	110908-V	UNKNOWN
ОТДАВИТЬ	123877-V	UNKNOWN
ОТЗВУЧАТЬ	107093-V	UNKNOWN
ОТЗВУЧАТЬ	114745-V	UNKNOWN
ОТЗВУЧАТЬ	114746-V	UNKNOWN
ОТЗВУЧАТЬ	107402-V	UNKNOWN
ОТЗВУЧАТЬ	111919-V	UNKNOWN
ОТЗВУЧАТЬ	112574-V	UNKNOWN
ОТЗВУЧАТЬ	107106-V	UNKNOWN
ОТЗВУЧАТЬ	107097-V	UNKNOWN
ОТЗВУЧАТЬ	107386-V	UNKNOWN
ОТЗВУЧАТЬ	132053-V	UNKNOWN
ОТПЕРЕТЬ	120908-V	UNKNOWN
ОТПЕРЕТЬ	127316-V	UNKNOWN
ОТПЕРЕТЬ	150132-V	UNKNOWN
ОТПЕРЕТЬ	130468-V	UNKNOWN
ОТПЕРЕТЬ	130464-V	UNKNOWN
ОТПЕРЕТЬ	123545-V	UNKNOWN
ОТПЕРЕТЬ	130466-V	UNKNOWN
ОТПЕРЕТЬ	118691-V	UNKNOWN
ОТПЕРЕТЬ	109445-V	UNKNOWN
ОТПЕРЕТЬ	115972-V	UNKNOWN
ОТПОЛЗАТЬ	115980-V	UNKNOWN
ОТПОЛЗАТЬ	134382-V	UNKNOWN
ОТПОЛЗАТЬ	146932-V	UNKNOWN
ОТПОЛЗАТЬ	116473-V	UNKNOWN
ОТПОЛЗАТЬ	139726-V	UNKNOWN
ОТПОЛЗАТЬ	125623-V	UNKNOWN
ОТПОЛЗАТЬ	118450-V	UNKNOWN
ОТПОЛЗАТЬ	120277-V	UNKNOWN
ОТПОЛЗАТЬ	139664-V	UNKNOWN
ОТПОЛЗАТЬ	115994-V	UNKNOWN
ОТРАЗИТЬСЯ	117765-V	UNKNOWN
ОТРАЗИТЬСЯ	121243-V	UNKNOWN
ОТРАЗИТЬСЯ	130579-V	UNKNOWN
ОТРАЗИТЬСЯ	125566-V	UNKNOWN
ОТРАЗИТЬСЯ	117019-V	UNKNOWN
ОТРАЗИТЬСЯ	117766-V	UNKNOWN
ОТРАЗИТЬСЯ	123737-V	UNKNOWN
ОТРАЗИТЬСЯ	118713-V	UNKNOWN
ОТРАЗИТЬСЯ	106829-V	UNKNOWN
ОТРАЗИТЬСЯ	142031-V	UNKNOWN
ОТРЕЖИССИРОВАТЬ	107417-V	UNKNOWN
ОТРЕЖИССИРОВАТЬ	115545-V	UNKNOWN
ОТРЕЖИССИРОВАТЬ	121137-V	UNKNOWN
ОТРЕЖИССИРОВАТЬ	117783-V	UNKNOWN
ОТРЕЖИССИРОВАТЬ	127383-V	UNKNOWN
ОТРЕЖИССИРОВАТЬ	112073-V	UNKNOWN
ОТРЕЖИССИРОВАТЬ	110833-V	UNKNOWN
ОТРЕЖИССИРОВАТЬ	111998-V	UNKNOWN
ОТРЕЖИССИРОВАТЬ	133087-V	UNKNOWN
ОТРЕЖИССИРОВАТЬ	110832-V	UNKNOWN
ОТСОХНУТЬ	131799-V	UNKNOWN
ОТСОХНУТЬ	127193-V	UNKNOWN
ОТСОХНУТЬ	134903-V	UNKNOWN
ОТСОХНУТЬ	132996-V	UNKNOWN
ОТСОХНУТЬ	117801-V	UNKNOWN
ОТСОХНУТЬ	116387-V	UNKNOWN
ОТСОХНУТЬ	133497-V	UNKNOWN
ОТСОХНУТЬ	115875-V	UNKNOWN
ОТСОХНУТЬ	131063-V	UNKNOWN
ОТСОХНУТЬ	131845-V	UNKNOWN
ОТСТРИЧЬ	107417-V	UNKNOWN
ОТСТРИЧЬ	115545-V	UNKNOWN
ОТСТРИЧЬ	121137-V	UNKNOWN
ОТСТРИЧЬ	117783-V	UNKNOWN
ОТСТРИЧЬ	112073-V	UNKNOWN
ОТСТРИЧЬ	112855-V	UNKNOWN
ОТСТРИЧЬ	123737-V	UNKNOWN
ОТСТРИЧЬ	138234-V	UNKNOWN
ОТСТРИЧЬ	107410-V	UNKNOWN
ОТСТРИЧЬ	112548-V	UNKNOWN
ОТТОПЫРИТЬ	111362-V	UNKNOWN
ОТТОПЫРИТЬ	111361-V	UNKNOWN
ОТТОПЫРИТЬ	116876-V	UNKNOWN
ОТТОПЫРИТЬ	117454-V	UNKNOWN
ОТТОПЫРИТЬ	106839-V	UNKNOWN
ОТТОПЫРИТЬ	130934-V	UNKNOWN
ОТТОПЫРИТЬ	138312-V	UNKNOWN
ОТТОПЫРИТЬ	117550-V	UNKNOWN
ОТТОПЫРИТЬ	120043-V	UNKNOWN
ОТТОПЫРИТЬ	115192-V	UNKNOWN
ОТФОТОШОПИТЬ	116118-V	UNKNOWN
ОТФОТОШОПИТЬ	4661-V	UNKNOWN
ОТФОТОШОПИТЬ	4939-V	UNKNOWN
ОТФОТОШОПИТЬ	115192-V	UNKNOWN
ОТФОТОШОПИТЬ	115034-V	UNKNOWN
ОТФОТОШОПИТЬ	139567-V	UNKNOWN
ОТФОТОШОПИТЬ	117454-V	UNKNOWN
ОТФОТОШОПИТЬ	146789-V	UNKNOWN
ОТФОТОШОПИТЬ	106950-V	UNKNOWN
ОТФОТОШОПИТЬ	138409-V	UNKNOWN
ОТЧЛЕНИТЬ	107417-V	UNKNOWN
ОТЧЛЕНИТЬ	115545-V	UNKNOWN
ОТЧЛЕНИТЬ	123737-V	UNKNOWN
ОТЧЛЕНИТЬ	112855-V	UNKNOWN
ОТЧЛЕНИТЬ	115987-V	UNKNOWN
ОТЧЛЕНИТЬ	121137-V	UNKNOWN
ОТЧЛЕНИТЬ	112073-V	UNKNOWN
ОТЧЛЕНИТЬ	133508-V	UNKNOWN
ОТЧЛЕНИТЬ	114477-V	UNKNOWN
ОТЧЛЕНИТЬ	133087-V	UNKNOWN
ОТЪЕЗДИТЬ	117912-V	UNKNOWN
ОТЪЕЗДИТЬ	129105-V	UNKNOWN
ОТЪЕЗДИТЬ	139726-V	UNKNOWN
ОТЪЕЗДИТЬ	115981-V	UNKNOWN
ОТЪЕЗДИТЬ	130447-V	UNKNOWN
ОТЪЕЗДИТЬ	134425-V	UNKNOWN
ОТЪЕЗДИТЬ	126470-V	UNKNOWN
ОТЪЕЗДИТЬ	120371-V	UNKNOWN
ОТЪЕЗДИТЬ	5920-V	UNKNOWN
ОТЪЕЗДИТЬ	118455-V	UNKNOWN
ОХАМЕТЬ	7787-V	UNKNOWN
ОХАМЕТЬ	149766-V	UNKNOWN
ОХАМЕТЬ	132984-V	UNKNOWN
ОХАМЕТЬ	117964-V	UNKNOWN
ОХАМЕТЬ	116796-V	UNKNOWN
ОХАМЕТЬ	6918-V	UNKNOWN
ОХАМЕТЬ	142468-V	UNKNOWN
ОХАМЕТЬ	140767-V	UNKNOWN
ОХАМЕТЬ	110426-V	UNKNOWN
ОХАМЕТЬ	123735-V	UNKNOWN
ОХРЕНЕТЬ	120259-V	UNKNOWN
ОХРЕНЕТЬ	141619-V	UNKNOWN
ОХРЕНЕТЬ	131845-V	UNKNOWN
ОХРЕНЕТЬ	117415-V	UNKNOWN
ОХРЕНЕТЬ	123735-V	UNKNOWN
ОХРЕНЕТЬ	154747-V	UNKNOWN
ОХРЕНЕТЬ	127307-V	UNKNOWN
ОХРЕНЕТЬ	143338-V	UNKNOWN
ОХРЕНЕТЬ	117366-V	UNKNOWN
ОХРЕНЕТЬ	120185-V	UNKNOWN
ОЧЕЛОВЕЧИТЬ	106950-V	UNKNOWN
ОЧЕЛОВЕЧИТЬ	8240-V	UNKNOWN
ОЧЕЛОВЕЧИТЬ	116118-V	UNKNOWN
ОЧЕЛОВЕЧИТЬ	149778-V	UNKNOWN
ОЧЕЛОВЕЧИТЬ	147288-V	UNKNOWN
ОЧЕЛОВЕЧИТЬ	137752-V	UNKNOWN
ОЧЕЛОВЕЧИТЬ	115192-V	UNKNOWN
ОЧЕЛОВЕЧИТЬ	115813-V	UNKNOWN
ОЧЕЛОВЕЧИТЬ	124823-V	UNKNOWN
ОЧЕЛОВЕЧИТЬ	151709-V	UNKNOWN
ОШПАРИТЬ	126244-V	UNKNOWN
ОШПАРИТЬ	111579-V	UNKNOWN
ОШПАРИТЬ	116513-V	UNKNOWN
ОШПАРИТЬ	133279-V	UNKNOWN
ОШПАРИТЬ	111414-V	UNKNOWN
ОШПАРИТЬ	111658-V	UNKNOWN
ОШПАРИТЬ	116564-V	UNKNOWN
ОШПАРИТЬ	113029-V	UNKNOWN
ОШПАРИТЬ	131063-V	UNKNOWN
ОШПАРИТЬ	118516-V	UNKNOWN
ОЩЕТИНИТЬСЯ	141619-V	UNKNOWN
ОЩЕТИНИТЬСЯ	116512-V	UNKNOWN
ОЩЕТИНИТЬСЯ	120260-V	UNKNOWN
ОЩЕТИНИТЬСЯ	117302-V	UNKNOWN
ОЩЕТИНИТЬСЯ	116793-V	UNKNOWN
ОЩЕТИНИТЬСЯ	128443-V	UNKNOWN
ОЩЕТИНИТЬСЯ	116365-V	UNKNOWN
ОЩЕТИНИТЬСЯ	118574-V	UNKNOWN
ОЩЕТИНИТЬСЯ	127307-V	UNKNOWN
ОЩЕТИНИТЬСЯ	124581-V	UNKNOWN
ПАКЕТИРОВАТЬ	9469-V	UNKNOWN
ПАКЕТИРОВАТЬ	120847-V	UNKNOWN
ПАКЕТИРОВАТЬ	120498-V	UNKNOWN
ПАКЕТИРОВАТЬ	1033-V	UNKNOWN
ПАКЕТИРОВАТЬ	115237-V	UNKNOWN
ПАКЕТИРОВАТЬ	131383-V	UNKNOWN
ПАКЕТИРОВАТЬ	144374-V	UNKNOWN
ПАКЕТИРОВАТЬ	1030-V	UNKNOWN
ПАКЕТИРОВАТЬ	134122-V	UNKNOWN
ПАКЕТИРОВАТЬ	114577-V	UNKNOWN
ПАРАФИРОВАТЬ	108830-V	UNKNOWN
ПАРАФИРОВАТЬ	113782-V	UNKNOWN
ПАРАФИРОВАТЬ	111457-V	UNKNOWN
ПАРАФИРОВАТЬ	117669-V	UNKNOWN
ПАРАФИРОВАТЬ	137180-V	UNKNOWN
ПАРАФИРОВАТЬ	116169-V	UNKNOWN
ПАРАФИРОВАТЬ	117399-V	UNKNOWN
ПАРАФИРОВАТЬ	115139-V	UNKNOWN
ПАРАФИРОВАТЬ	111876-V	UNKNOWN
ПАРАФИРОВАТЬ	127458-V	UNKNOWN
ПАССЕРОВАТЬ	115202-V	UNKNOWN
ПАССЕРОВАТЬ	151388-V	UNKNOWN
ПАССЕРОВАТЬ	117047-V	UNKNOWN
ПАССЕРОВАТЬ	134224-V	UNKNOWN
ПАССЕРОВАТЬ	114073-V	UNKNOWN
ПАССЕРОВАТЬ	130503-V	UNKNOWN
ПАССЕРОВАТЬ	111856-V	UNKNOWN
ПАССЕРОВАТЬ	134232-V	UNKNOWN
ПАССЕРОВАТЬ	120195-V	UNKNOWN
ПАССЕРОВАТЬ	120372-V	UNKNOWN
ПЕЛЕНГОВАТЬ	137429-V	UNKNOWN
ПЕЛЕНГОВАТЬ	3977-V	UNKNOWN
ПЕЛЕНГОВАТЬ	118917-V	UNKNOWN
ПЕЛЕНГОВАТЬ	112514-V	UNKNOWN
ПЕЛЕНГОВАТЬ	112802-V	UNKNOWN
ПЕЛЕНГОВАТЬ	121172-V	UNKNOWN
ПЕЛЕНГОВАТЬ	116073-V	UNKNOWN
ПЕЛЕНГОВАТЬ	128790-V	UNKNOWN
ПЕЛЕНГОВАТЬ	137531-V	UNKNOWN
ПЕЛЕНГОВАТЬ	112513-V	UNKNOWN
ПЕНИТЬ	110721-V	UNKNOWN
ПЕНИТЬ	110723-V	UNKNOWN
ПЕНИТЬ	116731-V	UNKNOWN
ПЕНИТЬ	123375-V	UNKNOWN
ПЕНИТЬ	153964-V	UNKNOWN
ПЕНИТЬ	118119-V	UNKNOWN
ПЕНИТЬ	111990-V	UNKNOWN
ПЕНИТЬ	133996-V	UNKNOWN
ПЕНИТЬ	112263-V	UNKNOWN
ПЕНИТЬ	115967-V	UNKNOWN
ПЕРЕЖАРИТЬ	151342-V	UNKNOWN
ПЕРЕЖАРИТЬ	116146-V	UNKNOWN
ПЕРЕЖАРИТЬ	111659-V	UNKNOWN
ПЕРЕЖАРИТЬ	112383-V	UNKNOWN
ПЕРЕЖАРИТЬ	115655-V	UNKNOWN
ПЕРЕЖАРИТЬ	151337-V	UNKNOWN
ПЕРЕЖАРИТЬ	137127-V	UNKNOWN
ПЕРЕЖАРИТЬ	120398-V	UNKNOWN
ПЕРЕЖАРИТЬ	134093-V	UNKNOWN
ПЕРЕЖАРИТЬ	118732-V	UNKNOWN
ПЕРЕЖАТЬ	117731-V	UNKNOWN
ПЕРЕЖАТЬ	119504-V	UNKNOWN
ПЕРЕЖАТЬ	142050-V	UNKNOWN
ПЕРЕЖАТЬ	123840-V	UNKNOWN
ПЕРЕЖАТЬ	117345-V	UNKNOWN
ПЕРЕЖАТЬ	106915-V	UNKNOWN
ПЕРЕЖАТЬ	117382-V	UNKNOWN
ПЕРЕЖАТЬ	117603-V	UNKNOWN
ПЕРЕЖАТЬ	135135-V	UNKNOWN
ПЕРЕЖАТЬ	141619-V	UNKNOWN
ПЕРЕЗВАНИВАТЬСЯ	118313-V	UNKNOWN
ПЕРЕЗВАНИВАТЬСЯ	6513-V	UNKNOWN
ПЕРЕЗВАНИВАТЬСЯ	132694-V	UNKNOWN
ПЕРЕЗВАНИВАТЬСЯ	118312-V	UNKNOWN
ПЕРЕЗВАНИВАТЬСЯ	127198-V	UNKNOWN
ПЕРЕЗВАНИВАТЬСЯ	133633-V	UNKNOWN
ПЕРЕЗВАНИВАТЬСЯ	125102-V	UNKNOWN
ПЕРЕЗВАНИВАТЬСЯ	111730-V	UNKNOWN
ПЕРЕЗВАНИВАТЬСЯ	137404-V	UNKNOWN
ПЕРЕЗВАНИВАТЬСЯ	127480-V	UNKNOWN
ПЕРЕЗНАКОМИТЬСЯ	142142-V	UNKNOWN
ПЕРЕЗНАКОМИТЬСЯ	133729-V	UNKNOWN
ПЕРЕЗНАКОМИТЬСЯ	117370-V	UNKNOWN
ПЕРЕЗНАКОМИТЬСЯ	117997-V	UNKNOWN
ПЕРЕЗНАКОМИТЬСЯ	142141-V	UNKNOWN
ПЕРЕЗНАКОМИТЬСЯ	133979-V	UNKNOWN
ПЕРЕЗНАКОМИТЬСЯ	154250-V	UNKNOWN
ПЕРЕЗНАКОМИТЬСЯ	120257-V	UNKNOWN
ПЕРЕЗНАКОМИТЬСЯ	147224-V	UNKNOWN
ПЕРЕЗНАКОМИТЬСЯ	117037-V	UNKNOWN
ПЕРЕКРУТИТЬ	134447-V	UNKNOWN
ПЕРЕКРУТИТЬ	142398-V	UNKNOWN
ПЕРЕКРУТИТЬ	112000-V	UNKNOWN
ПЕРЕКРУТИТЬ	117565-V	UNKNOWN
ПЕРЕКРУТИТЬ	115727-V	UNKNOWN
ПЕРЕКРУТИТЬ	137401-V	UNKNOWN
ПЕРЕКРУТИТЬ	117155-V	UNKNOWN
ПЕРЕКРУТИТЬ	111627-V	UNKNOWN
ПЕРЕКРУТИТЬ	120773-V	UNKNOWN
ПЕРЕКРУТИТЬ	120373-V	UNKNOWN
ПЕРЕКРУЧИВАТЬ	111047-V	UNKNOWN
ПЕРЕКРУЧИВАТЬ	134447-V	UNKNOWN
ПЕРЕКРУЧИВАТЬ	142398-V	UNKNOWN
ПЕРЕКРУЧИВАТЬ	111035-V	UNKNOWN
ПЕРЕКРУЧИВАТЬ	111040-V	UNKNOWN
ПЕРЕКРУЧИВАТЬ	115727-V	UNKNOWN
ПЕРЕКРУЧИВАТЬ	117155-V	UNKNOWN
ПЕРЕКРУЧИВАТЬ	106950-V	UNKNOWN
ПЕРЕКРУЧИВАТЬ	116235-V	UNKNOWN
ПЕРЕКРУЧИВАТЬ	116236-V	UNKNOWN
ПЕРЕМЫТЬ	140680-V	UNKNOWN
ПЕРЕМЫТЬ	144622-V	UNKNOWN
ПЕРЕМЫТЬ	111627-V	UNKNOWN
ПЕРЕМЫТЬ	133628-V	UNKNOWN
ПЕРЕМЫТЬ	112821-V	UNKNOWN
ПЕРЕМЫТЬ	142386-V	UNKNOWN
ПЕРЕМЫТЬ	120432-V	UNKNOWN
ПЕРЕМЫТЬ	120639-V	UNKNOWN
ПЕРЕМЫТЬ	131137-V	UNKNOWN
ПЕРЕМЫТЬ	112434-V	UNKNOWN
ПЕРЕПОЛОШИТЬ	115913-V	UNKNOWN
ПЕРЕПОЛОШИТЬ	120276-V	UNKNOWN
ПЕРЕПОЛОШИТЬ	120334-V	UNKNOWN
ПЕРЕПОЛОШИТЬ	129117-V	UNKNOWN
ПЕРЕПОЛОШИТЬ	133672-V	UNKNOWN
ПЕРЕПОЛОШИТЬ	119451-V	UNKNOWN
ПЕРЕПОЛОШИТЬ	120293-V	UNKNOWN
ПЕРЕПОЛОШИТЬ	119786-V	UNKNOWN
ПЕРЕПОЛОШИТЬ	128657-V	UNKNOWN
ПЕРЕПОЛОШИТЬ	113841-V	UNKNOWN
ПЕРЕРВАТЬ	131616-V	UNKNOWN
ПЕРЕРВАТЬ	121061-V	UNKNOWN
ПЕРЕРВАТЬ	133372-V	UNKNOWN
ПЕРЕРВАТЬ	106484-V	UNKNOWN
ПЕРЕРВАТЬ	127381-V	UNKNOWN
ПЕРЕРВАТЬ	128181-V	UNKNOWN
ПЕРЕРВАТЬ	116936-V	UNKNOWN
ПЕРЕРВАТЬ	140747-V	UNKNOWN
ПЕРЕРВАТЬ	137320-V	UNKNOWN
ПЕРЕРВАТЬ	149015-V	UNKNOWN
ПЕРЕРОДИТЬ	123487-V	UNKNOWN
ПЕРЕРОДИТЬ	137466-V	UNKNOWN
ПЕРЕРОДИТЬ	154876-V	UNKNOWN
ПЕРЕРОДИТЬ	115814-V	UNKNOWN
ПЕРЕРОДИТЬ	137303-V	UNKNOWN
ПЕРЕРОДИТЬ	142398-V	UNKNOWN
ПЕРЕРОДИТЬ	106950-V	UNKNOWN
ПЕРЕРОДИТЬ	140496-V	UNKNOWN
ПЕРЕРОДИТЬ	119772-V	UNKNOWN
ПЕРЕРОДИТЬ	137814-V	UNKNOWN
ПЕРЕСТОЯТЬ	120728-V	UNKNOWN
ПЕРЕСТОЯТЬ	120503-V	UNKNOWN
ПЕРЕСТОЯТЬ	133371-V	UNKNOWN
ПЕРЕСТОЯТЬ	133372-V	UNKNOWN
ПЕРЕСТОЯТЬ	115170-V	UNKNOWN
ПЕРЕСТОЯТЬ	133420-V	UNKNOWN
ПЕРЕСТОЯТЬ	143858-V	UNKNOWN
ПЕРЕСТОЯТЬ	142131-V	UNKNOWN
ПЕРЕСТОЯТЬ	153932-V	UNKNOWN
ПЕРЕСТОЯТЬ	118530-V	UNKNOWN
ПЕРЕТРУЖДАТЬСЯ	130372-V	UNKNOWN
ПЕРЕТРУЖДАТЬСЯ	113165-V	UNKNOWN
ПЕРЕТРУЖДАТЬСЯ	112016-V	UNKNOWN
ПЕРЕТРУЖДАТЬСЯ	121123-V	UNKNOWN
ПЕРЕТРУЖДАТЬСЯ	144786-V	UNKNOWN
ПЕРЕТРУЖДАТЬСЯ	118007-V	UNKNOWN
ПЕРЕТРУЖДАТЬСЯ	135695-V	UNKNOWN
ПЕРЕТРУЖДАТЬСЯ	139632-V	UNKNOWN
ПЕРЕТРУЖДАТЬСЯ	140767-V	UNKNOWN
ПЕРЕТРУЖДАТЬСЯ	133672-V	UNKNOWN
ПЕРСОНАЛИЗИРОВАТЬ	119513-V	UNKNOWN
ПЕРСОНАЛИЗИРОВАТЬ	119949-V	UNKNOWN
ПЕРСОНАЛИЗИРОВАТЬ	139852-V	UNKNOWN
ПЕРСОНАЛИЗИРОВАТЬ	120139-V	UNKNOWN
ПЕРСОНАЛИЗИРОВАТЬ	130444-V	UNKNOWN
ПЕРСОНАЛИЗИРОВАТЬ	106698-V	UNKNOWN
ПЕРСОНАЛИЗИРОВАТЬ	119352-V	UNKNOWN
ПЕРСОНАЛИЗИРОВАТЬ	133877-V	UNKNOWN
ПЕРСОНАЛИЗИРОВАТЬ	5100-V	UNKNOWN
ПЕРСОНАЛИЗИРОВАТЬ	148400-V	UNKNOWN
ПЕРШИТЬ	140767-V	UNKNOWN
ПЕРШИТЬ	123896-V	UNKNOWN
ПЕРШИТЬ	124267-V	UNKNOWN
ПЕРШИТЬ	120186-V	UNKNOWN
ПЕРШИТЬ	131638-V	UNKNOWN
ПЕРШИТЬ	130096-V	UNKNOWN
ПЕРШИТЬ	118571-V	UNKNOWN
ПЕРШИТЬ	153964-V	UNKNOWN
ПЕРШИТЬ	132721-V	UNKNOWN
ПЕРШИТЬ	121265-V	UNKNOWN
ПЛЕСНЕВЕТЬ	111990-V	UNKNOWN
ПЛЕСНЕВЕТЬ	110723-V	UNKNOWN
ПЛЕСНЕВЕТЬ	115199-V	UNKNOWN
ПЛЕСНЕВЕТЬ	111982-V	UNKNOWN
ПЛЕСНЕВЕТЬ	123375-V	UNKNOWN
ПЛЕСНЕВЕТЬ	116622-V	UNKNOWN
ПЛЕСНЕВЕТЬ	8188-V	UNKNOWN
ПЛЕСНЕВЕТЬ	117077-V	UNKNOWN
ПЛЕСНЕВЕТЬ	111993-V	UNKNOWN
ПЛЕСНЕВЕТЬ	118344-V	UNKNOWN
ПЛЮЩИТЬ	116251-V	UNKNOWN
ПЛЮЩИТЬ	118119-V	UNKNOWN
ПЛЮЩИТЬ	111610-V	UNKNOWN
ПЛЮЩИТЬ	116581-V	UNKNOWN
ПЛЮЩИТЬ	133619-V	UNKNOWN
ПЛЮЩИТЬ	133691-V	UNKNOWN
ПЛЮЩИТЬ	115709-V	UNKNOWN
ПЛЮЩИТЬ	110723-V	UNKNOWN
ПЛЮЩИТЬ	118896-V	UNKNOWN
ПЛЮЩИТЬ	121041-V	UNKNOWN
ПОДКАТИТЬСЯ	143855-V	UNKNOWN
ПОДКАТИТЬСЯ	111156-V	UNKNOWN
ПОДКАТИТЬСЯ	116842-V	UNKNOWN
ПОДКАТИТЬСЯ	152537-V	UNKNOWN
ПОДКАТИТЬСЯ	116841-V	UNKNOWN
ПОДКАТИТЬСЯ	147427-V	UNKNOWN
ПОДКАТИТЬСЯ	120650-V	UNKNOWN
ПОДКАТИТЬСЯ	115870-V	UNKNOWN
ПОДКАТИТЬСЯ	115690-V	UNKNOWN
ПОДКАТИТЬСЯ	134434-V	UNKNOWN
ПОДКОСИТЬСЯ	117068-V	UNKNOWN
ПОДКОСИТЬСЯ	149766-V	UNKNOWN
ПОДКОСИТЬСЯ	111135-V	UNKNOWN
ПОДКОСИТЬСЯ	145796-V	UNKNOWN
ПОДКОСИТЬСЯ	116822-V	UNKNOWN
ПОДКОСИТЬСЯ	125782-V	UNKNOWN
ПОДКОСИТЬСЯ	151204-V	UNKNOWN
ПОДКОСИТЬСЯ	116793-V	UNKNOWN
ПОДКОСИТЬСЯ	117198-V	UNKNOWN
ПОДКОСИТЬСЯ	115170-V	UNKNOWN
ПОДМАХНУТЬ	131400-V	UNKNOWN
ПОДМАХНУТЬ	145888-V	UNKNOWN
ПОДМАХНУТЬ	139682-V	UNKNOWN
ПОДМАХНУТЬ	123850-V	UNKNOWN
ПОДМАХНУТЬ	111656-V	UNKNOWN
ПОДМАХНУТЬ	4547-V	UNKNOWN
ПОДМАХНУТЬ	117129-V	UNKNOWN
ПОДМАХНУТЬ	120766-V	UNKNOWN
ПОДМАХНУТЬ	117689-V	UNKNOWN
ПОДМАХНУТЬ	115509-V	UNKNOWN
ПОДНАТОРЕТЬ	115870-V	UNKNOWN
ПОДНАТОРЕТЬ	124868-V	UNKNOWN
ПОДНАТОРЕТЬ	141499-V	UNKNOWN
ПОДНАТОРЕТЬ	133933-V	UNKNOWN
ПОДНАТОРЕТЬ	111438-V	UNKNOWN
ПОДНАТОРЕТЬ	111725-V	UNKNOWN
ПОДНАТОРЕТЬ	134257-V	UNKNOWN
ПОДНАТОРЕТЬ	107405-V	UNKNOWN
ПОДНАТОРЕТЬ	112015-V	UNKNOWN
ПОДНАТОРЕТЬ	117687-V	UNKNOWN
ПОДОГНУТЬ	137401-V	UNKNOWN
ПОДОГНУТЬ	116521-V	UNKNOWN
ПОДОГНУТЬ	120062-V	UNKNOWN
ПОДОГНУТЬ	120650-V	UNKNOWN
ПОДОГНУТЬ	115870-V	UNKNOWN
ПОДОГНУТЬ	119323-V	UNKNOWN
ПОДОГНУТЬ	115667-V	UNKNOWN
ПОДОГНУТЬ	118896-V	UNKNOWN
ПОДОГНУТЬ	116161-V	UNKNOWN
ПОДОГНУТЬ	119346-V	UNKNOWN
ПОДПОЛЗТИ	111599-V	UNKNOWN
ПОДПОЛЗТИ	127494-V	UNKNOWN
ПОДПОЛЗТИ	116310-V	UNKNOWN
ПОДПОЛЗТИ	116840-V	UNKNOWN
ПОДПОЛЗТИ	116044-V	UNKNOWN
ПОДПОЛЗТИ	114517-V	UNKNOWN
ПОДПОЛЗТИ	144457-V	UNKNOWN
ПОДПОЛЗТИ	152910-V	UNKNOWN
ПОДПОЛЗТИ	120456-V	UNKNOWN
ПОДПОЛЗТИ	116842-V	UNKNOWN
ПОДРЯДИТЬ	124578-V	UNKNOWN
ПОДРЯДИТЬ	146500-V	UNKNOWN
ПОДРЯДИТЬ	135125-V	UNKNOWN
ПОДРЯДИТЬ	138561-V	UNKNOWN
ПОДРЯДИТЬ	118334-V	UNKNOWN
ПОДРЯДИТЬ	6604-V	UNKNOWN
ПОДРЯДИТЬ	121123-V	UNKNOWN
ПОДРЯДИТЬ	120352-V	UNKNOWN
ПОДРЯДИТЬ	128213-V	UNKNOWN
ПОДРЯДИТЬ	116276-V	UNKNOWN
ПОДРЯДИТЬСЯ	146965-V	UNKNOWN
ПОДРЯДИТЬСЯ	119670-V	UNKNOWN
ПОДРЯДИТЬСЯ	126041-V	UNKNOWN
ПОДРЯДИТЬСЯ	4682-V	UNKNOWN
ПОДРЯДИТЬСЯ	124578-V	UNKNOWN
ПОДРЯДИТЬСЯ	149340-V	UNKNOWN
ПОДРЯДИТЬСЯ	117073-V	UNKNOWN
ПОДРЯДИТЬСЯ	128213-V	UNKNOWN
ПОДРЯДИТЬСЯ	129762-V	UNKNOWN
ПОДРЯДИТЬСЯ	120740-V	UNKNOWN
ПОДСИДЕТЬ	117837-V	UNKNOWN
ПОДСИДЕТЬ	124743-V	UNKNOWN
ПОДСИДЕТЬ	130159-V	UNKNOWN
ПОДСИДЕТЬ	133358-V	UNKNOWN
ПОДСИДЕТЬ	127626-V	UNKNOWN
ПОДСИДЕТЬ	115991-V	UNKNOWN
ПОДСИДЕТЬ	116272-V	UNKNOWN
ПОДСИДЕТЬ	153486-V	UNKNOWN
ПОДСИДЕТЬ	117843-V	UNKNOWN
ПОДСИДЕТЬ	114723-V	UNKNOWN
ПОДТЕЧЬ	116563-V	UNKNOWN
ПОДТЕЧЬ	116660-V	UNKNOWN
ПОДТЕЧЬ	116562-V	UNKNOWN
ПОДТЕЧЬ	112263-V	UNKNOWN
ПОДТЕЧЬ	115702-V	UNKNOWN
ПОДТЕЧЬ	115744-V	UNKNOWN
ПОДТЕЧЬ	114692-V	UNKNOWN
ПОДТЕЧЬ	112468-V	UNKNOWN
ПОДТЕЧЬ	120666-V	UNKNOWN
ПОДТЕЧЬ	116731-V	UNKNOWN
ПОКАЛЕЧИТЬСЯ	111493-V	UNKNOWN
ПОКАЛЕЧИТЬСЯ	118663-V	UNKNOWN
ПОКАЛЕЧИТЬСЯ	117317-V	UNKNOWN
ПОКАЛЕЧИТЬСЯ	119481-V	UNKNOWN
ПОКАЛЕЧИТЬСЯ	153594-V	UNKNOWN
ПОКАЛЕЧИТЬСЯ	128667-V	UNKNOWN
ПОКАЛЕЧИТЬСЯ	120535-V	UNKNOWN
ПОКАЛЕЧИТЬСЯ	140589-V	UNKNOWN
ПОКАЛЕЧИТЬСЯ	106819-V	UNKNOWN
ПОКАЛЕЧИТЬСЯ	141196-V	UNKNOWN
ПОЛОСНУТЬ	118269-V	UNKNOWN
ПОЛОСНУТЬ	118432-V	UNKNOWN
ПОЛОСНУТЬ	116312-V	UNKNOWN
ПОЛОСНУТЬ	127618-V	UNKNOWN
ПОЛОСНУТЬ	115650-V	UNKNOWN
ПОЛОСНУТЬ	153964-V	UNKNOWN
ПОЛОСНУТЬ	123560-V	UNKNOWN
ПОЛОСНУТЬ	117400-V	UNKNOWN
ПОЛОСНУТЬ	116671-V	UNKNOWN
ПОЛОСНУТЬ	111587-V	UNKNOWN
ПОНУРИТЬ	118894-V	UNKNOWN
ПОНУРИТЬ	149942-V	UNKNOWN
ПОНУРИТЬ	137752-V	UNKNOWN
ПОНУРИТЬ	106819-V	UNKNOWN
ПОНУРИТЬ	110894-V	UNKNOWN
ПОНУРИТЬ	130852-V	UNKNOWN
ПОНУРИТЬ	127312-V	UNKNOWN
ПОНУРИТЬ	119451-V	UNKNOWN
ПОНУРИТЬ	118422-V	UNKNOWN
ПОНУРИТЬ	127237-V	UNKNOWN
ПОСТИТЬ	131340-V	UNKNOWN
ПОСТИТЬ	115170-V	UNKNOWN
ПОСТИТЬ	118530-V	UNKNOWN
ПОСТИТЬ	128291-V	UNKNOWN
ПОСТИТЬ	132228-V	UNKNOWN
ПОСТИТЬ	118713-V	UNKNOWN
ПОСТИТЬ	142131-V	UNKNOWN
ПОСТИТЬ	115267-V	UNKNOWN
ПОСТИТЬ	133371-V	UNKNOWN
ПОСТИТЬ	115220-V	UNKNOWN
ПРЕИСПОЛНИТЬ	110810-V	UNKNOWN
ПРЕИСПОЛНИТЬ	119771-V	UNKNOWN
ПРЕИСПОЛНИТЬ	111640-V	UNKNOWN
ПРЕИСПОЛНИТЬ	117283-V	UNKNOWN
ПРЕИСПОЛНИТЬ	110720-V	UNKNOWN
ПРЕИСПОЛНИТЬ	116623-V	UNKNOWN
ПРЕИСПОЛНИТЬ	121374-V	UNKNOWN
ПРЕИСПОЛНИТЬ	144622-V	UNKNOWN
ПРЕИСПОЛНИТЬ	111435-V	UNKNOWN
ПРЕИСПОЛНИТЬ	137667-V	UNKNOWN
ПРИБЕДНЯТЬСЯ	110893-V	UNKNOWN
ПРИБЕДНЯТЬСЯ	8529-V	UNKNOWN
ПРИБЕДНЯТЬСЯ	149461-V	UNKNOWN
ПРИБЕДНЯТЬСЯ	127305-V	UNKNOWN
ПРИБЕДНЯТЬСЯ	106820-V	UNKNOWN
ПРИБЕДНЯТЬСЯ	130372-V	UNKNOWN
ПРИБЕДНЯТЬСЯ	116113-V	UNKNOWN
ПРИБЕДНЯТЬСЯ	118524-V	UNKNOWN
ПРИБЕДНЯТЬСЯ	115213-V	UNKNOWN
ПРИБЕДНЯТЬСЯ	125999-V	UNKNOWN
ПРИВХОДИТЬ	130250-V	UNKNOWN
ПРИВХОДИТЬ	10164-V	UNKNOWN
ПРИВХОДИТЬ	115526-V	UNKNOWN
ПРИВХОДИТЬ	126274-V	UNKNOWN
ПРИВХОДИТЬ	128312-V	UNKNOWN
ПРИВХОДИТЬ	133932-V	UNKNOWN
ПРИВХОДИТЬ	116258-V	UNKNOWN
ПРИВХОДИТЬ	123502-V	UNKNOWN
ПРИВХОДИТЬ	130249-V	UNKNOWN
ПРИВХОДИТЬ	119665-V	UNKNOWN
ПРИГЛАДИТЬ	118895-V	UNKNOWN
ПРИГЛАДИТЬ	118896-V	UNKNOWN
ПРИГЛАДИТЬ	115189-V	UNKNOWN
ПРИГЛАДИТЬ	128334-V	UNKNOWN
ПРИГЛАДИТЬ	121439-V	UNKNOWN
ПРИГЛАДИТЬ	118191-V	UNKNOWN
ПРИГЛАДИТЬ	117993-V	UNKNOWN
ПРИГЛАДИТЬ	127212-V	UNKNOWN
ПРИГЛАДИТЬ	118190-V	UNKNOWN
ПРИГЛАДИТЬ	119049-V	UNKNOWN
ПРИГОРЕТЬ	134093-V	UNKNOWN
ПРИГОРЕТЬ	132984-V	UNKNOWN
ПРИГОРЕТЬ	117084-V	UNKNOWN
ПРИГОРЕТЬ	117450-V	UNKNOWN
ПРИГОРЕТЬ	117122-V	UNKNOWN
ПРИГОРЕТЬ	121545-V	UNKNOWN
ПРИГОРЕТЬ	143317-V	UNKNOWN
ПРИГОРЕТЬ	117581-V	UNKNOWN
ПРИГОРЕТЬ	120959-V	UNKNOWN
ПРИГОРЕТЬ	151337-V	UNKNOWN
ПРИГУБИТЬ	117127-V	UNKNOWN
ПРИГУБИТЬ	117142-V	UNKNOWN
ПРИГУБИТЬ	124269-V	UNKNOWN
ПРИГУБИТЬ	134451-V	UNKNOWN
ПРИГУБИТЬ	117334-V	UNKNOWN
ПРИГУБИТЬ	140767-V	UNKNOWN
ПРИГУБИТЬ	129376-V	UNKNOWN
ПРИГУБИТЬ	115709-V	UNKNOWN
ПРИГУБИТЬ	117689-V	UNKNOWN
ПРИГУБИТЬ	117964-V	UNKNOWN
ПРИКЛОНИТЬ	110807-V	UNKNOWN
ПРИКЛОНИТЬ	111049-V	UNKNOWN
ПРИКЛОНИТЬ	106889-V	UNKNOWN
ПРИКЛОНИТЬ	120747-V	UNKNOWN
ПРИКЛОНИТЬ	115870-V	UNKNOWN
ПРИКЛОНИТЬ	137401-V	UNKNOWN
ПРИКЛОНИТЬ	124702-V	UNKNOWN
ПРИКЛОНИТЬ	124784-V	UNKNOWN
ПРИКЛОНИТЬ	116841-V	UNKNOWN
ПРИКЛОНИТЬ	115997-V	UNKNOWN
ПРИКОПАТЬСЯ	117359-V	UNKNOWN
ПРИКОПАТЬСЯ	118334-V	UNKNOWN
ПРИКОПАТЬСЯ	131480-V	UNKNOWN
ПРИКОПАТЬСЯ	111658-V	UNKNOWN
ПРИКОПАТЬСЯ	124702-V	UNKNOWN
ПРИКОПАТЬСЯ	121181-V	UNKNOWN
ПРИКОПАТЬСЯ	130372-V	UNKNOWN
ПРИКОПАТЬСЯ	118500-V	UNKNOWN
ПРИКОПАТЬСЯ	118281-V	UNKNOWN
ПРИКОПАТЬСЯ	137401-V	UNKNOWN
ПРИМЕЛЬКАТЬСЯ	128301-V	UNKNOWN
ПРИМЕЛЬКАТЬСЯ	143611-V	UNKNOWN
ПРИМЕЛЬКАТЬСЯ	106676-V	UNKNOWN
ПРИМЕЛЬКАТЬСЯ	115597-V	UNKNOWN
ПРИМЕЛЬКАТЬСЯ	119323-V	UNKNOWN
ПРИМЕЛЬКАТЬСЯ	111669-V	UNKNOWN
ПРИМЕЛЬКАТЬСЯ	114820-V	UNKNOWN
ПРИМЕЛЬКАТЬСЯ	116242-V	UNKNOWN
ПРИМЕЛЬКАТЬСЯ	118403-V	UNKNOWN
ПРИМЕЛЬКАТЬСЯ	141706-V	UNKNOWN
ПРИМЕРЗАТЬ	133371-V	UNKNOWN
ПРИМЕРЗАТЬ	137916-V	UNKNOWN
ПРИМЕРЗАТЬ	149862-V	UNKNOWN
ПРИМЕРЗАТЬ	120557-V	UNKNOWN
ПРИМЕРЗАТЬ	116564-V	UNKNOWN
ПРИМЕРЗАТЬ	132740-V	UNKNOWN
ПРИМЕРЗАТЬ	142022-V	UNKNOWN
ПРИМЕРЗАТЬ	123372-V	UNKNOWN
ПРИМЕРЗАТЬ	131145-V	UNKNOWN
ПРИМЕРЗАТЬ	128334-V	UNKNOWN
ПРИМЯТЬ	115222-V	UNKNOWN
ПРИМЯТЬ	120824-V	UNKNOWN
ПРИМЯТЬ	115965-V	UNKNOWN
ПРИМЯТЬ	123373-V	UNKNOWN
ПРИМЯТЬ	129376-V	UNKNOWN
ПРИМЯТЬ	123372-V	UNKNOWN
ПРИМЯТЬ	115224-V	UNKNOWN
ПРИМЯТЬ	149600-V	UNKNOWN
ПРИМЯТЬ	144634-V	UNKNOWN
ПРИМЯТЬ	117127-V	UNKNOWN
ПРИНЮХАТЬСЯ	123371-V	UNKNOWN
ПРИНЮХАТЬСЯ	123372-V	UNKNOWN
ПРИНЮХАТЬСЯ	7787-V	UNKNOWN
ПРИНЮХАТЬСЯ	131063-V	UNKNOWN
ПРИНЮХАТЬСЯ	116657-V	UNKNOWN
ПРИНЮХАТЬСЯ	123373-V	UNKNOWN
ПРИНЮХАТЬСЯ	146632-V	UNKNOWN
ПРИНЮХАТЬСЯ	6918-V	UNKNOWN
ПРИНЮХАТЬСЯ	140767-V	UNKNOWN
ПРИНЮХАТЬСЯ	130950-V	UNKNOWN
ПРИПУСТИТЬ	107175-V	UNKNOWN
ПРИПУСТИТЬ	120166-V	UNKNOWN
ПРИПУСТИТЬ	114728-V	UNKNOWN
ПРИПУСТИТЬ	132829-V	UNKNOWN
ПРИПУСТИТЬ	112136-V	UNKNOWN
ПРИПУСТИТЬ	114519-V	UNKNOWN
ПРИПУСТИТЬ	144744-V	UNKNOWN
ПРИПУСТИТЬ	114569-V	UNKNOWN
ПРИПУСТИТЬ	141708-V	UNKNOWN
ПРИПУСТИТЬ	133943-V	UNKNOWN
ПРИСКАКАТЬ	116517-V	UNKNOWN
ПРИСКАКАТЬ	134434-V	UNKNOWN
ПРИСКАКАТЬ	120616-V	UNKNOWN
ПРИСКАКАТЬ	116687-V	UNKNOWN
ПРИСКАКАТЬ	114658-V	UNKNOWN
ПРИСКАКАТЬ	143855-V	UNKNOWN
ПРИСКАКАТЬ	124500-V	UNKNOWN
ПРИСКАКАТЬ	139682-V	UNKNOWN
ПРИСКАКАТЬ	138483-V	UNKNOWN
ПРИСКАКАТЬ	125782-V	UNKNOWN
ПРИТКНУТЬСЯ	141619-V	UNKNOWN
ПРИТКНУТЬСЯ	129300-V	UNKNOWN
ПРИТКНУТЬСЯ	115170-V	UNKNOWN
ПРИТКНУТЬСЯ	133230-V	UNKNOWN
ПРИТКНУТЬСЯ	118894-V	UNKNOWN
ПРИТКНУТЬСЯ	133371-V	UNKNOWN
ПРИТКНУТЬСЯ	142022-V	UNKNOWN
ПРИТКНУТЬСЯ	128300-V	UNKNOWN
ПРИТКНУТЬСЯ	117068-V	UNKNOWN
ПРИТКНУТЬСЯ	120260-V	UNKNOWN
ПРИТУЛИТЬСЯ	117843-V	UNKNOWN
ПРИТУЛИТЬСЯ	123372-V	UNKNOWN
ПРИТУЛИТЬСЯ	128279-V	UNKNOWN
ПРИТУЛИТЬСЯ	111669-V	UNKNOWN
ПРИТУЛИТЬСЯ	133371-V	UNKNOWN
ПРИТУЛИТЬСЯ	119323-V	UNKNOWN
ПРИТУЛИТЬСЯ	144844-V	UNKNOWN
ПРИТУЛИТЬСЯ	117081-V	UNKNOWN
ПРИТУЛИТЬСЯ	111671-V	UNKNOWN
ПРИТУЛИТЬСЯ	143611-V	UNKNOWN
ПРИЧМОКИВАТЬ	111919-V	UNKNOWN
ПРИЧМОКИВАТЬ	132053-V	UNKNOWN
ПРИЧМОКИВАТЬ	112574-V	UNKNOWN
ПРИЧМОКИВАТЬ	107402-V	UNKNOWN
ПРИЧМОКИВАТЬ	115709-V	UNKNOWN
ПРИЧМОКИВАТЬ	107097-V	UNKNOWN
ПРИЧМОКИВАТЬ	115041-V	UNKNOWN
ПРИЧМОКИВАТЬ	112461-V	UNKNOWN
ПРИЧМОКИВАТЬ	117129-V	UNKNOWN
ПРИЧМОКИВАТЬ	113288-V	UNKNOWN
ПРИШВАРТОВЫВАТЬСЯ	120557-V	UNKNOWN
ПРИШВАРТОВЫВАТЬСЯ	133963-V	UNKNOWN
ПРИШВАРТОВЫВАТЬСЯ	133040-V	UNKNOWN
ПРИШВАРТОВЫВАТЬСЯ	5463-V	UNKNOWN
ПРИШВАРТОВЫВАТЬСЯ	117966-V	UNKNOWN
ПРИШВАРТОВЫВАТЬСЯ	124702-V	UNKNOWN
ПРИШВАРТОВЫВАТЬСЯ	142411-V	UNKNOWN
ПРИШВАРТОВЫВАТЬСЯ	132606-V	UNKNOWN
ПРИШВАРТОВЫВАТЬСЯ	125161-V	UNKNOWN
ПРИШВАРТОВЫВАТЬСЯ	141510-V	UNKNOWN
ПРОДЕТЬ	111856-V	UNKNOWN
ПРОДЕТЬ	112747-V	UNKNOWN
ПРОДЕТЬ	112430-V	UNKNOWN
ПРОДЕТЬ	111568-V	UNKNOWN
ПРОДЕТЬ	116762-V	UNKNOWN
ПРОДЕТЬ	128380-V	UNKNOWN
ПРОДЕТЬ	111578-V	UNKNOWN
ПРОДЕТЬ	120393-V	UNKNOWN
ПРОДЕТЬ	144782-V	UNKNOWN
ПРОДЕТЬ	114832-V	UNKNOWN
ПРОДЕШЕВИТЬ	144119-V	UNKNOWN
ПРОДЕШЕВИТЬ	152171-V	UNKNOWN
ПРОДЕШЕВИТЬ	8334-V	UNKNOWN
ПРОДЕШЕВИТЬ	114577-V	UNKNOWN
ПРОДЕШЕВИТЬ	137375-V	UNKNOWN
ПРОДЕШЕВИТЬ	1695-V	UNKNOWN
ПРОДЕШЕВИТЬ	1026-V	UNKNOWN
ПРОДЕШЕВИТЬ	2466-V	UNKNOWN
ПРОДЕШЕВИТЬ	142399-V	UNKNOWN
ПРОДЕШЕВИТЬ	1030-V	UNKNOWN
ПРОЕЗДИТЬ	111856-V	UNKNOWN
ПРОЕЗДИТЬ	118455-V	UNKNOWN
ПРОЕЗДИТЬ	133233-V	UNKNOWN
ПРОЕЗДИТЬ	120372-V	UNKNOWN
ПРОЕЗДИТЬ	121380-V	UNKNOWN
ПРОЕЗДИТЬ	133619-V	UNKNOWN
ПРОЕЗДИТЬ	147427-V	UNKNOWN
ПРОЕЗДИТЬ	145704-V	UNKNOWN
ПРОЕЗДИТЬ	115202-V	UNKNOWN
ПРОЕЗДИТЬ	133680-V	UNKNOWN
ПРОКРАСТЬСЯ	119124-V	UNKNOWN
ПРОКРАСТЬСЯ	134158-V	UNKNOWN
ПРОКРАСТЬСЯ	120393-V	UNKNOWN
ПРОКРАСТЬСЯ	117864-V	UNKNOWN
ПРОКРАСТЬСЯ	115982-V	UNKNOWN
ПРОКРАСТЬСЯ	147589-V	UNKNOWN
ПРОКРАСТЬСЯ	119346-V	UNKNOWN
ПРОКРАСТЬСЯ	1489-V	UNKNOWN
ПРОКРАСТЬСЯ	123465-V	UNKNOWN
ПРОКРАСТЬСЯ	133371-V	UNKNOWN
ПРОПЕСОЧИТЬ	322-V	UNKNOWN
ПРОПЕСОЧИТЬ	6705-V	UNKNOWN
ПРОПЕСОЧИТЬ	114891-V	UNKNOWN
ПРОПЕСОЧИТЬ	127397-V	UNKNOWN
ПРОПЕСОЧИТЬ	140680-V	UNKNOWN
ПРОПЕСОЧИТЬ	4316-V	UNKNOWN
ПРОПЕСОЧИТЬ	144374-V	UNKNOWN
ПРОПЕСОЧИТЬ	145147-V	UNKNOWN
ПРОПЕСОЧИТЬ	129519-V	UNKNOWN
ПРОПЕСОЧИТЬ	121373-V	UNKNOWN
ПРОРИСОВЫВАТЬСЯ	107005-V	UNKNOWN
ПРОРИСОВЫВАТЬСЯ	112877-V	UNKNOWN
ПРОРИСОВЫВАТЬСЯ	112878-V	UNKNOWN
ПРОРИСОВЫВАТЬСЯ	128847-V	UNKNOWN
ПРОРИСОВЫВАТЬСЯ	119138-V	UNKNOWN
ПРОРИСОВЫВАТЬСЯ	115774-V	UNKNOWN
ПРОРИСОВЫВАТЬСЯ	134199-V	UNKNOWN
ПРОРИСОВЫВАТЬСЯ	112120-V	UNKNOWN
ПРОРИСОВЫВАТЬСЯ	120393-V	UNKNOWN
ПРОРИСОВЫВАТЬСЯ	111623-V	UNKNOWN
ПРОТОПТАТЬ	111856-V	UNKNOWN
ПРОТОПТАТЬ	3844-V	UNKNOWN
ПРОТОПТАТЬ	5537-V	UNKNOWN
ПРОТОПТАТЬ	112386-V	UNKNOWN
ПРОТОПТАТЬ	4340-V	UNKNOWN
ПРОТОПТАТЬ	8604-V	UNKNOWN
ПРОТОПТАТЬ	116171-V	UNKNOWN
ПРОТОПТАТЬ	128801-V	UNKNOWN
ПРОТОПТАТЬ	111658-V	UNKNOWN
ПРОТОПТАТЬ	126461-V	UNKNOWN
ПРОТОРГОВАТЬСЯ	125898-V	UNKNOWN
ПРОТОРГОВАТЬСЯ	114577-V	UNKNOWN
ПРОТОРГОВАТЬСЯ	120393-V	UNKNOWN
ПРОТОРГОВАТЬСЯ	117126-V	UNKNOWN
ПРОТОРГОВАТЬСЯ	123929-V	UNKNOWN
ПРОТОРГОВАТЬСЯ	116775-V	UNKNOWN
ПРОТОРГОВАТЬСЯ	1030-V	UNKNOWN
ПРОТОРГОВАТЬСЯ	142399-V	UNKNOWN
ПРОТОРГОВАТЬСЯ	117990-V	UNKNOWN
ПРОТОРГОВАТЬСЯ	118334-V	UNKNOWN
ПРОХЛАЖДАТЬСЯ	118925-V	UNKNOWN
ПРОХЛАЖДАТЬСЯ	130452-V	UNKNOWN
ПРОХЛАЖДАТЬСЯ	152439-V	UNKNOWN
ПРОХЛАЖДАТЬСЯ	125894-V	UNKNOWN
ПРОХЛАЖДАТЬСЯ	118062-V	UNKNOWN
ПРОХЛАЖДАТЬСЯ	152438-V	UNKNOWN
ПРОХЛАЖДАТЬСЯ	117193-V	UNKNOWN
ПРОХЛАЖДАТЬСЯ	129802-V	UNKNOWN
ПРОХЛАЖДАТЬСЯ	152440-V	UNKNOWN
ПРОХЛАЖДАТЬСЯ	120529-V	UNKNOWN
ПРУЖИНИТЬ	117689-V	UNKNOWN
ПРУЖИНИТЬ	120151-V	UNKNOWN
ПРУЖИНИТЬ	115690-V	UNKNOWN
ПРУЖИНИТЬ	134257-V	UNKNOWN
ПРУЖИНИТЬ	116251-V	UNKNOWN
ПРУЖИНИТЬ	117126-V	UNKNOWN
ПРУЖИНИТЬ	119451-V	UNKNOWN
ПРУЖИНИТЬ	135851-V	UNKNOWN
ПРУЖИНИТЬ	120293-V	UNKNOWN
ПРУЖИНИТЬ	121438-V	UNKNOWN
ПУШИТЬ	120631-V	UNKNOWN
ПУШИТЬ	114107-V	UNKNOWN
ПУШИТЬ	115667-V	UNKNOWN
ПУШИТЬ	106636-V	UNKNOWN
ПУШИТЬ	120644-V	UNKNOWN
ПУШИТЬ	128611-V	UNKNOWN
ПУШИТЬ	134257-V	UNKNOWN
ПУШИТЬ	135577-V	UNKNOWN
ПУШИТЬ	124868-V	UNKNOWN
ПУШИТЬ	119706-V	UNKNOWN
РАЗБАЛАНСИРОВАТЬ	118190-V	UNKNOWN
РАЗБАЛАНСИРОВАТЬ	142572-V	UNKNOWN
РАЗБАЛАНСИРОВАТЬ	141349-V	UNKNOWN
РАЗБАЛАНСИРОВАТЬ	118896-V	UNKNOWN
РАЗБАЛАНСИРОВАТЬ	125811-V	UNKNOWN
РАЗБАЛАНСИРОВАТЬ	137338-V	UNKNOWN
РАЗБАЛАНСИРОВАТЬ	130777-V	UNKNOWN
РАЗБАЛАНСИРОВАТЬ	116161-V	UNKNOWN
РАЗБАЛАНСИРОВАТЬ	134349-V	UNKNOWN
РАЗБАЛАНСИРОВАТЬ	107129-V	UNKNOWN
РАЗВЕТВИТЬ	130942-V	UNKNOWN
РАЗВЕТВИТЬ	128611-V	UNKNOWN
РАЗВЕТВИТЬ	114107-V	UNKNOWN
РАЗВЕТВИТЬ	106643-V	UNKNOWN
РАЗВЕТВИТЬ	106772-V	UNKNOWN
РАЗВЕТВИТЬ	134075-V	UNKNOWN
РАЗВЕТВИТЬ	116914-V	UNKNOWN
РАЗВЕТВИТЬ	110888-V	UNKNOWN
РАЗВЕТВИТЬ	147288-V	UNKNOWN
РАЗВЕТВИТЬ	120043-V	UNKNOWN
РАЗГИБАТЬ	120151-V	UNKNOWN
РАЗГИБАТЬ	120451-V	UNKNOWN
РАЗГИБАТЬ	143610-V	UNKNOWN
РАЗГИБАТЬ	139682-V	UNKNOWN
РАЗГИБАТЬ	128783-V	UNKNOWN
РАЗГИБАТЬ	128637-V	UNKNOWN
РАЗГИБАТЬ	121438-V	UNKNOWN
РАЗГИБАТЬ	134432-V	UNKNOWN
РАЗГИБАТЬ	118692-V	UNKNOWN
РАЗГИБАТЬ	119451-V	UNKNOWN
РАЗГЛАДИТЬСЯ	140589-V	UNKNOWN
РАЗГЛАДИТЬСЯ	130806-V	UNKNOWN
РАЗГЛАДИТЬСЯ	112855-V	UNKNOWN
РАЗГЛАДИТЬСЯ	112071-V	UNKNOWN
РАЗГЛАДИТЬСЯ	112073-V	UNKNOWN
РАЗГЛАДИТЬСЯ	124429-V	UNKNOWN
РАЗГЛАДИТЬСЯ	137752-V	UNKNOWN
РАЗГЛАДИТЬСЯ	128596-V	UNKNOWN
РАЗГЛАДИТЬСЯ	111950-V	UNKNOWN
РАЗГЛАДИТЬСЯ	117126-V	UNKNOWN
РАЗГЛАЖИВАТЬСЯ	107129-V	UNKNOWN
РАЗГЛАЖИВАТЬСЯ	120139-V	UNKNOWN
РАЗГЛАЖИВАТЬСЯ	131926-V	UNKNOWN
РАЗГЛАЖИВАТЬСЯ	138362-V	UNKNOWN
РАЗГЛАЖИВАТЬСЯ	106489-V	UNKNOWN
РАЗГЛАЖИВАТЬСЯ	138363-V	UNKNOWN
РАЗГЛАЖИВАТЬСЯ	137413-V	UNKNOWN
РАЗГЛАЖИВАТЬСЯ	112070-V	UNKNOWN
РАЗГЛАЖИВАТЬСЯ	142583-V	UNKNOWN
РАЗГЛАЖИВАТЬСЯ	129176-V	UNKNOWN
РАЗГОВЛЯТЬСЯ	113371-V	UNKNOWN
РАЗГОВЛЯТЬСЯ	154250-V	UNKNOWN
РАЗГОВЛЯТЬСЯ	139755-V	UNKNOWN
РАЗГОВЛЯТЬСЯ	116785-V	UNKNOWN
РАЗГОВЛЯТЬСЯ	152869-V	UNKNOWN
РАЗГОВЛЯТЬСЯ	118258-V	UNKNOWN
РАЗГОВЛЯТЬСЯ	117994-V	UNKNOWN
РАЗГОВЛЯТЬСЯ	117883-V	UNKNOWN
РАЗГОВЛЯТЬСЯ	142461-V	UNKNOWN
РАЗГОВЛЯТЬСЯ	123510-V	UNKNOWN
РАЗГОРЯЧИТЬ	114934-V	UNKNOWN
РАЗГОРЯЧИТЬ	117335-V	UNKNOWN
РАЗГОРЯЧИТЬ	117126-V	UNKNOWN
РАЗГОРЯЧИТЬ	118334-V	UNKNOWN
РАЗГОРЯЧИТЬ	114664-V	UNKNOWN
РАЗГОРЯЧИТЬ	112976-V	UNKNOWN
РАЗГОРЯЧИТЬ	118574-V	UNKNOWN
РАЗГОРЯЧИТЬ	124868-V	UNKNOWN
РАЗГОРЯЧИТЬ	117302-V	UNKNOWN
РАЗГОРЯЧИТЬ	114653-V	UNKNOWN
РАЗЖАЛОБИТЬ	115819-V	UNKNOWN
РАЗЖАЛОБИТЬ	117335-V	UNKNOWN
РАЗЖАЛОБИТЬ	117126-V	UNKNOWN
РАЗЖАЛОБИТЬ	118334-V	UNKNOWN
РАЗЖАЛОБИТЬ	119881-V	UNKNOWN
РАЗЖАЛОБИТЬ	131680-V	UNKNOWN
РАЗЖАЛОБИТЬ	117994-V	UNKNOWN
РАЗЖАЛОБИТЬ	117972-V	UNKNOWN
РАЗЖАЛОБИТЬ	116286-V	UNKNOWN
РАЗЖАЛОБИТЬ	117385-V	UNKNOWN
РАЗЛЕЧЬСЯ	121438-V	UNKNOWN
РАЗЛЕЧЬСЯ	119112-V	UNKNOWN
РАЗЛЕЧЬСЯ	150075-V	UNKNOWN
РАЗЛЕЧЬСЯ	128596-V	UNKNOWN
РАЗЛЕЧЬСЯ	128645-V	UNKNOWN
РАЗЛЕЧЬСЯ	123774-V	UNKNOWN
РАЗЛЕЧЬСЯ	129086-V	UNKNOWN
РАЗЛЕЧЬСЯ	124429-V	UNKNOWN
РАЗЛЕЧЬСЯ	132228-V	UNKNOWN
РАЗЛЕЧЬСЯ	133440-V	UNKNOWN
РАЗМИНАТЬ	144786-V	UNKNOWN
РАЗМИНАТЬ	121438-V	UNKNOWN
РАЗМИНАТЬ	118297-V	UNKNOWN
РАЗМИНАТЬ	119451-V	UNKNOWN
РАЗМИНАТЬ	121439-V	UNKNOWN
РАЗМИНАТЬ	131343-V	UNKNOWN
РАЗМИНАТЬ	148378-V	UNKNOWN
РАЗМИНАТЬ	148280-V	UNKNOWN
РАЗМИНАТЬ	128657-V	UNKNOWN
РАЗМИНАТЬ	150578-V	UNKNOWN
РАЗМОЗЖИТЬ	118894-V	UNKNOWN
РАЗМОЗЖИТЬ	149942-V	UNKNOWN
РАЗМОЗЖИТЬ	119451-V	UNKNOWN
РАЗМОЗЖИТЬ	121439-V	UNKNOWN
РАЗМОЗЖИТЬ	128657-V	UNKNOWN
РАЗМОЗЖИТЬ	121438-V	UNKNOWN
РАЗМОЗЖИТЬ	128637-V	UNKNOWN
РАЗМОЗЖИТЬ	128680-V	UNKNOWN
РАЗМОЗЖИТЬ	130852-V	UNKNOWN
РАЗМОЗЖИТЬ	111680-V	UNKNOWN
РАЗОГНУТЬ	139682-V	UNKNOWN
РАЗОГНУТЬ	116221-V	UNKNOWN
РАЗОГНУТЬ	119451-V	UNKNOWN
РАЗОГНУТЬ	114589-V	UNKNOWN
РАЗОГНУТЬ	128657-V	UNKNOWN
РАЗОГНУТЬ	118692-V	UNKNOWN
РАЗОГНУТЬ	128784-V	UNKNOWN
РАЗОГНУТЬ	133422-V	UNKNOWN
РАЗОГНУТЬ	115994-V	UNKNOWN
РАЗОГНУТЬ	129181-V	UNKNOWN
РАЗОГНУТЬСЯ	139682-V	UNKNOWN
РАЗОГНУТЬСЯ	121438-V	UNKNOWN
РАЗОГНУТЬСЯ	116842-V	UNKNOWN
РАЗОГНУТЬСЯ	131401-V	UNKNOWN
РАЗОГНУТЬСЯ	120415-V	UNKNOWN
РАЗОГНУТЬСЯ	124720-V	UNKNOWN
РАЗОГНУТЬСЯ	114589-V	UNKNOWN
РАЗОГНУТЬСЯ	133440-V	UNKNOWN
РАЗОГНУТЬСЯ	131400-V	UNKNOWN
РАЗОГНУТЬСЯ	124500-V	UNKNOWN
РАЗУКОМПЛЕКТОВАТЬ	112074-V	UNKNOWN
РАЗУКОМПЛЕКТОВАТЬ	116888-V	UNKNOWN
РАЗУКОМПЛЕКТОВАТЬ	111587-V	UNKNOWN
РАЗУКОМПЛЕКТОВАТЬ	107410-V	UNKNOWN
РАЗУКОМПЛЕКТОВАТЬ	112073-V	UNKNOWN
РАЗУКОМПЛЕКТОВАТЬ	112855-V	UNKNOWN
РАЗУКОМПЛЕКТОВАТЬ	112071-V	UNKNOWN
РАЗУКОМПЛЕКТОВАТЬ	141392-V	UNKNOWN
РАЗУКОМПЛЕКТОВАТЬ	107417-V	UNKNOWN
РАЗУКОМПЛЕКТОВАТЬ	134349-V	UNKNOWN
РАЗУКРУПНИТЬ	111587-V	UNKNOWN
РАЗУКРУПНИТЬ	118504-V	UNKNOWN
РАЗУКРУПНИТЬ	119451-V	UNKNOWN
РАЗУКРУПНИТЬ	130852-V	UNKNOWN
РАЗУКРУПНИТЬ	134450-V	UNKNOWN
РАЗУКРУПНИТЬ	128668-V	UNKNOWN
РАЗУКРУПНИТЬ	137752-V	UNKNOWN
РАЗУКРУПНИТЬ	118190-V	UNKNOWN
РАЗУКРУПНИТЬ	128637-V	UNKNOWN
РАЗУКРУПНИТЬ	130806-V	UNKNOWN
РАЗУТЬСЯ	139682-V	UNKNOWN
РАЗУТЬСЯ	134425-V	UNKNOWN
РАЗУТЬСЯ	119881-V	UNKNOWN
РАЗУТЬСЯ	128617-V	UNKNOWN
РАЗУТЬСЯ	124429-V	UNKNOWN
РАЗУТЬСЯ	140710-V	UNKNOWN
РАЗУТЬСЯ	141657-V	UNKNOWN
РАЗУТЬСЯ	125999-V	UNKNOWN
РАЗУТЬСЯ	125796-V	UNKNOWN
РАЗУТЬСЯ	120875-V	UNKNOWN
РАСКЛАНИВАТЬСЯ	120890-V	UNKNOWN
РАСКЛАНИВАТЬСЯ	141657-V	UNKNOWN
РАСКЛАНИВАТЬСЯ	115510-V	UNKNOWN
РАСКЛАНИВАТЬСЯ	120086-V	UNKNOWN
РАСКЛАНИВАТЬСЯ	117002-V	UNKNOWN
РАСКЛАНИВАТЬСЯ	128596-V	UNKNOWN
РАСКЛАНИВАТЬСЯ	117575-V	UNKNOWN
РАСКЛАНИВАТЬСЯ	144634-V	UNKNOWN
РАСКЛАНИВАТЬСЯ	128603-V	UNKNOWN
РАСКЛАНИВАТЬСЯ	149766-V	UNKNOWN
РАСКОНСЕРВИРОВАТЬ	145633-V	UNKNOWN
РАСКОНСЕРВИРОВАТЬ	144583-V	UNKNOWN
РАСКОНСЕРВИРОВАТЬ	145735-V	UNKNOWN
РАСКОНСЕРВИРОВАТЬ	116368-V	UNKNOWN
РАСКОНСЕРВИРОВАТЬ	131680-V	UNKNOWN
РАСКОНСЕРВИРОВАТЬ	125462-V	UNKNOWN
РАСКОНСЕРВИРОВАТЬ	117317-V	UNKNOWN
РАСКОНСЕРВИРОВАТЬ	117074-V	UNKNOWN
РАСКОНСЕРВИРОВАТЬ	116890-V	UNKNOWN
РАСКОНСЕРВИРОВАТЬ	120535-V	UNKNOWN
РАСКРАСНЕТЬСЯ	110417-V	UNKNOWN
РАСКРАСНЕТЬСЯ	130184-V	UNKNOWN
РАСКРАСНЕТЬСЯ	117381-V	UNKNOWN
РАСКРАСНЕТЬСЯ	120234-V	UNKNOWN
РАСКРАСНЕТЬСЯ	125220-V	UNKNOWN
РАСКРАСНЕТЬСЯ	134139-V	UNKNOWN
РАСКРАСНЕТЬСЯ	110426-V	UNKNOWN
РАСКРАСНЕТЬСЯ	122094-V	UNKNOWN
РАСКРАСНЕТЬСЯ	123735-V	UNKNOWN
РАСКРАСНЕТЬСЯ	118501-V	UNKNOWN
РАСПЕВАТЬСЯ	120234-V	UNKNOWN
РАСПЕВАТЬСЯ	115307-V	UNKNOWN
РАСПЕВАТЬСЯ	116767-V	UNKNOWN
РАСПЕВАТЬСЯ	115436-V	UNKNOWN
РАСПЕВАТЬСЯ	120979-V	UNKNOWN
РАСПЕВАТЬСЯ	111982-V	UNKNOWN
РАСПЕВАТЬСЯ	142019-V	UNKNOWN
РАСПЕВАТЬСЯ	143237-V	UNKNOWN
РАСПЕВАТЬСЯ	111658-V	UNKNOWN
РАСПЕВАТЬСЯ	130356-V	UNKNOWN
РАСПЕКАТЬ	118334-V	UNKNOWN
РАСПЕКАТЬ	106881-V	UNKNOWN
РАСПЕКАТЬ	145433-V	UNKNOWN
РАСПЕКАТЬ	126169-V	UNKNOWN
РАСПЕКАТЬ	127308-V	UNKNOWN
РАСПЕКАТЬ	119755-V	UNKNOWN
РАСПЕКАТЬ	117051-V	UNKNOWN
РАСПЕКАТЬ	147300-V	UNKNOWN
РАСПЕКАТЬ	120352-V	UNKNOWN
РАСПЕКАТЬ	113841-V	UNKNOWN
РАСПЕЧЬ	116307-V	UNKNOWN
РАСПЕЧЬ	117608-V	UNKNOWN
РАСПЕЧЬ	141392-V	UNKNOWN
РАСПЕЧЬ	124429-V	UNKNOWN
РАСПЕЧЬ	106699-V	UNKNOWN
РАСПЕЧЬ	120490-V	UNKNOWN
РАСПЕЧЬ	107129-V	UNKNOWN
РАСПЕЧЬ	128789-V	UNKNOWN
РАСПЕЧЬ	138363-V	UNKNOWN
РАСПЕЧЬ	137338-V	UNKNOWN
РАСПЛАСТАТЬ	118692-V	UNKNOWN
РАСПЛАСТАТЬ	128665-V	UNKNOWN
РАСПЛАСТАТЬ	134432-V	UNKNOWN
РАСПЛАСТАТЬ	128596-V	UNKNOWN
РАСПЛАСТАТЬ	144682-V	UNKNOWN
РАСПЛАСТАТЬ	124429-V	UNKNOWN
РАСПЛАСТАТЬ	119451-V	UNKNOWN
РАСПЛАСТАТЬ	138329-V	UNKNOWN
РАСПЛАСТАТЬ	115941-V	UNKNOWN
РАСПЛАСТАТЬ	118691-V	UNKNOWN
РАССОХНУТЬСЯ	135460-V	UNKNOWN
РАССОХНУТЬСЯ	129062-V	UNKNOWN
РАССОХНУТЬСЯ	112263-V	UNKNOWN
РАССОХНУТЬСЯ	111839-V	UNKNOWN
РАССОХНУТЬСЯ	114245-V	UNKNOWN
РАССОХНУТЬСЯ	154926-V	UNKNOWN
РАССОХНУТЬСЯ	112468-V	UNKNOWN
РАССОХНУТЬСЯ	153964-V	UNKNOWN
РАССОХНУТЬСЯ	116008-V	UNKNOWN
РАССОХНУТЬСЯ	116562-V	UNKNOWN
РАСТОПЫРИТЬ	113501-V	UNKNOWN
РАСТОПЫРИТЬ	111680-V	UNKNOWN
РАСТОПЫРИТЬ	116694-V	UNKNOWN
РАСТОПЫРИТЬ	121041-V	UNKNOWN
РАСТОПЫРИТЬ	117993-V	UNKNOWN
РАСТОПЫРИТЬ	124429-V	UNKNOWN
РАСТОПЫРИТЬ	106802-V	UNKNOWN
РАСТОПЫРИТЬ	123574-V	UNKNOWN
РАСТОПЫРИТЬ	116221-V	UNKNOWN
РАСТОПЫРИТЬ	128801-V	UNKNOWN
РАСТУШЕВАТЬ	112877-V	UNKNOWN
РАСТУШЕВАТЬ	112878-V	UNKNOWN
РАСТУШЕВАТЬ	128847-V	UNKNOWN
РАСТУШЕВАТЬ	117454-V	UNKNOWN
РАСТУШЕВАТЬ	121439-V	UNKNOWN
РАСТУШЕВАТЬ	119451-V	UNKNOWN
РАСТУШЕВАТЬ	128637-V	UNKNOWN
РАСТУШЕВАТЬ	128657-V	UNKNOWN
РАСТУШЕВАТЬ	119706-V	UNKNOWN
РАСТУШЕВАТЬ	116890-V	UNKNOWN
РАСХОТЕТЬ	124512-V	UNKNOWN
РАСХОТЕТЬ	111104-V	UNKNOWN
РАСХОТЕТЬ	5796-V	UNKNOWN
РАСХОТЕТЬ	114914-V	UNKNOWN
РАСХОТЕТЬ	111493-V	UNKNOWN
РАСХОТЕТЬ	110893-V	UNKNOWN
РАСХОТЕТЬ	111979-V	UNKNOWN
РАСХОТЕТЬ	115160-V	UNKNOWN
РАСХОТЕТЬ	140756-V	UNKNOWN
РАСХОТЕТЬ	106819-V	UNKNOWN
РАФИНИРОВАТЬ	111362-V	UNKNOWN
РАФИНИРОВАТЬ	111361-V	UNKNOWN
РАФИНИРОВАТЬ	116876-V	UNKNOWN
РАФИНИРОВАТЬ	117454-V	UNKNOWN
РАФИНИРОВАТЬ	140680-V	UNKNOWN
РАФИНИРОВАТЬ	118896-V	UNKNOWN
РАФИНИРОВАТЬ	116118-V	UNKNOWN
РАФИНИРОВАТЬ	115192-V	UNKNOWN
РАФИНИРОВАТЬ	121497-V	UNKNOWN
РАФИНИРОВАТЬ	142562-V	UNKNOWN
РЕДУЦИРОВАТЬ	106819-V	UNKNOWN
РЕДУЦИРОВАТЬ	115759-V	UNKNOWN
РЕДУЦИРОВАТЬ	146512-V	UNKNOWN
РЕДУЦИРОВАТЬ	114914-V	UNKNOWN
РЕДУЦИРОВАТЬ	106820-V	UNKNOWN
РЕДУЦИРОВАТЬ	110893-V	UNKNOWN
РЕДУЦИРОВАТЬ	110894-V	UNKNOWN
РЕДУЦИРОВАТЬ	127237-V	UNKNOWN
РЕДУЦИРОВАТЬ	111493-V	UNKNOWN
РЕДУЦИРОВАТЬ	138234-V	UNKNOWN
РИФМОВАТЬ	120740-V	UNKNOWN
РИФМОВАТЬ	121418-V	UNKNOWN
РИФМОВАТЬ	121345-V	UNKNOWN
РИФМОВАТЬ	111936-V	UNKNOWN
РИФМОВАТЬ	139746-V	UNKNOWN
РИФМОВАТЬ	107002-V	UNKNOWN
РИФМОВАТЬ	114108-V	UNKNOWN
РИФМОВАТЬ	124515-V	UNKNOWN
РИФМОВАТЬ	120640-V	UNKNOWN
РИФМОВАТЬ	112077-V	UNKNOWN
РОЗОВЕТЬ	110483-V	UNKNOWN
РОЗОВЕТЬ	114627-V	UNKNOWN
РОЗОВЕТЬ	128847-V	UNKNOWN
РОЗОВЕТЬ	133698-V	UNKNOWN
РОЗОВЕТЬ	110760-V	UNKNOWN
РОЗОВЕТЬ	122094-V	UNKNOWN
РОЗОВЕТЬ	110418-V	UNKNOWN
РОЗОВЕТЬ	118576-V	UNKNOWN
РОЗОВЕТЬ	135653-V	UNKNOWN
РОЗОВЕТЬ	110423-V	UNKNOWN
РУСОФОБСТВОВАТЬ	117051-V	UNKNOWN
РУСОФОБСТВОВАТЬ	127308-V	UNKNOWN
РУСОФОБСТВОВАТЬ	131680-V	UNKNOWN
РУСОФОБСТВОВАТЬ	117335-V	UNKNOWN
РУСОФОБСТВОВАТЬ	119755-V	UNKNOWN
РУСОФОБСТВОВАТЬ	5704-V	UNKNOWN
РУСОФОБСТВОВАТЬ	120644-V	UNKNOWN
РУСОФОБСТВОВАТЬ	106829-V	UNKNOWN
РУСОФОБСТВОВАТЬ	5314-V	UNKNOWN
РУСОФОБСТВОВАТЬ	115822-V	UNKNOWN
РЫЖЕТЬ	112878-V	UNKNOWN
РЫЖЕТЬ	128847-V	UNKNOWN
РЫЖЕТЬ	110760-V	UNKNOWN
РЫЖЕТЬ	133698-V	UNKNOWN
РЫЖЕТЬ	112671-V	UNKNOWN
РЫЖЕТЬ	135653-V	UNKNOWN
РЫЖЕТЬ	110424-V	UNKNOWN
РЫЖЕТЬ	111442-V	UNKNOWN
РЫЖЕТЬ	112877-V	UNKNOWN
РЫЖЕТЬ	119706-V	UNKNOWN
СВАРГАНИТЬ	3288-V	UNKNOWN
СВАРГАНИТЬ	144775-V	UNKNOWN
СВАРГАНИТЬ	146768-V	UNKNOWN
СВАРГАНИТЬ	123436-V	UNKNOWN
СВАРГАНИТЬ	112878-V	UNKNOWN
СВАРГАНИТЬ	150613-V	UNKNOWN
СВАРГАНИТЬ	125999-V	UNKNOWN
СВАРГАНИТЬ	141499-V	UNKNOWN
СВАРГАНИТЬ	117794-V	UNKNOWN
СВАРГАНИТЬ	111936-V	UNKNOWN
СВЕСИТЬСЯ	115601-V	UNKNOWN
СВЕСИТЬСЯ	127237-V	UNKNOWN
СВЕСИТЬСЯ	111104-V	UNKNOWN
СВЕСИТЬСЯ	118895-V	UNKNOWN
СВЕСИТЬСЯ	152588-V	UNKNOWN
СВЕСИТЬСЯ	111493-V	UNKNOWN
СВЕСИТЬСЯ	131897-V	UNKNOWN
СВЕСИТЬСЯ	138234-V	UNKNOWN
СВЕСИТЬСЯ	112386-V	UNKNOWN
СВЕСИТЬСЯ	111659-V	UNKNOWN
СГРЫЗТЬ	114580-V	UNKNOWN
СГРЫЗТЬ	115189-V	UNKNOWN
СГРЫЗТЬ	116564-V	UNKNOWN
СГРЫЗТЬ	120111-V	UNKNOWN
СГРЫЗТЬ	125969-V	UNKNOWN
СГРЫЗТЬ	116251-V	UNKNOWN
СГРЫЗТЬ	111856-V	UNKNOWN
СГРЫЗТЬ	151204-V	UNKNOWN
СГРЫЗТЬ	115191-V	UNKNOWN
СГРЫЗТЬ	117127-V	UNKNOWN
СДВОИТЬ	107405-V	UNKNOWN
СДВОИТЬ	116579-V	UNKNOWN
СДВОИТЬ	124823-V	UNKNOWN
СДВОИТЬ	118460-V	UNKNOWN
СДВОИТЬ	120105-V	UNKNOWN
СДВОИТЬ	116786-V	UNKNOWN
СДВОИТЬ	114092-V	UNKNOWN
СДВОИТЬ	116790-V	UNKNOWN
СДВОИТЬ	111265-V	UNKNOWN
СДВОИТЬ	116161-V	UNKNOWN
СЕРЕТЬ	107106-V	UNKNOWN
СЕРЕТЬ	107358-V	UNKNOWN
СЕРЕТЬ	112574-V	UNKNOWN
СЕРЕТЬ	107095-V	UNKNOWN
СЕРЕТЬ	132053-V	UNKNOWN
СЕРЕТЬ	113042-V	UNKNOWN
СЕРЕТЬ	115041-V	UNKNOWN
СЕРЕТЬ	112461-V	UNKNOWN
СЕРЕТЬ	107362-V	UNKNOWN
СЕРЕТЬ	112922-V	UNKNOWN
СЖИТЬ	127445-V	UNKNOWN
СЖИТЬ	134093-V	UNKNOWN
СЖИТЬ	141506-V	UNKNOWN
СЖИТЬ	118324-V	UNKNOWN
СЖИТЬ	140589-V	UNKNOWN
СЖИТЬ	117334-V	UNKNOWN
СЖИТЬ	151337-V	UNKNOWN
СЖИТЬ	117084-V	UNKNOWN
СЖИТЬ	116434-V	UNKNOWN
СЖИТЬ	115280-V	UNKNOWN
СКАЛЫВАТЬ	131726-V	UNKNOWN
СКАЛЫВАТЬ	111587-V	UNKNOWN
СКАЛЫВАТЬ	124260-V	UNKNOWN
СКАЛЫВАТЬ	112878-V	UNKNOWN
СКАЛЫВАТЬ	134437-V	UNKNOWN
СКАЛЫВАТЬ	112065-V	UNKNOWN
СКАЛЫВАТЬ	129220-V	UNKNOWN
СКАЛЫВАТЬ	117872-V	UNKNOWN
СКАЛЫВАТЬ	133641-V	UNKNOWN
СКАЛЫВАТЬ	111950-V	UNKNOWN
СКЛЕВАТЬ	111665-V	UNKNOWN
СКЛЕВАТЬ	110784-V	UNKNOWN
СКЛЕВАТЬ	111672-V	UNKNOWN
СКЛЕВАТЬ	111679-V	UNKNOWN
СКЛЕВАТЬ	112286-V	UNKNOWN
СКЛЕВАТЬ	124702-V	UNKNOWN
СКЛЕВАТЬ	123632-V	UNKNOWN
СКЛЕВАТЬ	118504-V	UNKNOWN
СКЛЕВАТЬ	116419-V	UNKNOWN
СКЛЕВАТЬ	131404-V	UNKNOWN
СКОЛОТЬ	120105-V	UNKNOWN
СКОЛОТЬ	123936-V	UNKNOWN
СКОЛОТЬ	112092-V	UNKNOWN
СКОЛОТЬ	120232-V	UNKNOWN
СКОЛОТЬ	121345-V	UNKNOWN
СКОЛОТЬ	117677-V	UNKNOWN
СКОЛОТЬ	112078-V	UNKNOWN
СКОЛОТЬ	111665-V	UNKNOWN
СКОЛОТЬ	121418-V	UNKNOWN
СКОЛОТЬ	141372-V	UNKNOWN
СКОМКАТЬ	111950-V	UNKNOWN
СКОМКАТЬ	144583-V	UNKNOWN
СКОМКАТЬ	141298-V	UNKNOWN
СКОМКАТЬ	117127-V	UNKNOWN
СКОМКАТЬ	117872-V	UNKNOWN
СКОМКАТЬ	142456-V	UNKNOWN
СКОМКАТЬ	131680-V	UNKNOWN
СКОМКАТЬ	125999-V	UNKNOWN
СКОМКАТЬ	111658-V	UNKNOWN
СКОМКАТЬ	116687-V	UNKNOWN
СЛЕЖАТЬСЯ	117530-V	UNKNOWN
СЛЕЖАТЬСЯ	127581-V	UNKNOWN
СЛЕЖАТЬСЯ	115536-V	UNKNOWN
СЛЕЖАТЬСЯ	3977-V	UNKNOWN
СЛЕЖАТЬСЯ	7752-V	UNKNOWN
СЛЕЖАТЬСЯ	120204-V	UNKNOWN
СЛЕЖАТЬСЯ	118542-V	UNKNOWN
СЛЕЖАТЬСЯ	130078-V	UNKNOWN
СЛЕЖАТЬСЯ	117922-V	UNKNOWN
СЛЕЖАТЬСЯ	124469-V	UNKNOWN
СМАТЫВАТЬ	133371-V	UNKNOWN
СМАТЫВАТЬ	137916-V	UNKNOWN
СМАТЫВАТЬ	149862-V	UNKNOWN
СМАТЫВАТЬ	142022-V	UNKNOWN
СМАТЫВАТЬ	124124-V	UNKNOWN
СМАТЫВАТЬ	118119-V	UNKNOWN
СМАТЫВАТЬ	111658-V	UNKNOWN
СМАТЫВАТЬ	141343-V	UNKNOWN
СМАТЫВАТЬ	127381-V	UNKNOWN
СМАТЫВАТЬ	123436-V	UNKNOWN
СМОРКАТЬСЯ	124500-V	UNKNOWN
СМОРКАТЬСЯ	120658-V	UNKNOWN
СМОРКАТЬСЯ	113546-V	UNKNOWN
СМОРКАТЬСЯ	114589-V	UNKNOWN
СМОРКАТЬСЯ	118656-V	UNKNOWN
СМОРКАТЬСЯ	142019-V	UNKNOWN
СМОРКАТЬСЯ	118509-V	UNKNOWN
СМОРКАТЬСЯ	112072-V	UNKNOWN
СМОРКАТЬСЯ	114746-V	UNKNOWN
СМОРКАТЬСЯ	113841-V	UNKNOWN
СМОТАТЬ	115536-V	UNKNOWN
СМОТАТЬ	129338-V	UNKNOWN
СМОТАТЬ	117922-V	UNKNOWN
СМОТАТЬ	127136-V	UNKNOWN
СМОТАТЬ	140462-V	UNKNOWN
СМОТАТЬ	110661-V	UNKNOWN
СМОТАТЬ	120331-V	UNKNOWN
СМОТАТЬ	118653-V	UNKNOWN
СМОТАТЬ	147760-V	UNKNOWN
СМОТАТЬ	120259-V	UNKNOWN
СОЛИДАРИЗОВАТЬСЯ	111486-V	UNKNOWN
СОЛИДАРИЗОВАТЬСЯ	121461-V	UNKNOWN
СОЛИДАРИЗОВАТЬСЯ	111485-V	UNKNOWN
СОЛИДАРИЗОВАТЬСЯ	136374-V	UNKNOWN
СОЛИДАРИЗОВАТЬСЯ	135135-V	UNKNOWN
СОЛИДАРИЗОВАТЬСЯ	111265-V	UNKNOWN
СОЛИДАРИЗОВАТЬСЯ	140851-V	UNKNOWN
СОЛИДАРИЗОВАТЬСЯ	117527-V	UNKNOWN
СОЛИДАРИЗОВАТЬСЯ	112076-V	UNKNOWN
СОЛИДАРИЗОВАТЬСЯ	107614-V	UNKNOWN
СОРАЗМЕРЯТЬ	143186-V	UNKNOWN
СОРАЗМЕРЯТЬ	119961-V	UNKNOWN
СОРАЗМЕРЯТЬ	142466-V	UNKNOWN
СОРАЗМЕРЯТЬ	120973-V	UNKNOWN
СОРАЗМЕРЯТЬ	120640-V	UNKNOWN
СОРАЗМЕРЯТЬ	131680-V	UNKNOWN
СОРАЗМЕРЯТЬ	115601-V	UNKNOWN
СОРАЗМЕРЯТЬ	125999-V	UNKNOWN
СОРАЗМЕРЯТЬ	113883-V	UNKNOWN
СОРАЗМЕРЯТЬ	119738-V	UNKNOWN
СПЕШИТЬСЯ	107469-V	UNKNOWN
СПЕШИТЬСЯ	139682-V	UNKNOWN
СПЕШИТЬСЯ	106803-V	UNKNOWN
СПЕШИТЬСЯ	128663-V	UNKNOWN
СПЕШИТЬСЯ	149766-V	UNKNOWN
СПЕШИТЬСЯ	114589-V	UNKNOWN
СПЕШИТЬСЯ	151204-V	UNKNOWN
СПЕШИТЬСЯ	107470-V	UNKNOWN
СПЕШИТЬСЯ	120277-V	UNKNOWN
СПЕШИТЬСЯ	133619-V	UNKNOWN
СПЛАВАТЬ	125858-V	UNKNOWN
СПЛАВАТЬ	106495-V	UNKNOWN
СПЛАВАТЬ	111893-V	UNKNOWN
СПЛАВАТЬ	115709-V	UNKNOWN
СПЛАВАТЬ	111431-V	UNKNOWN
СПЛАВАТЬ	133045-V	UNKNOWN
СПЛАВАТЬ	120644-V	UNKNOWN
СПЛАВАТЬ	129220-V	UNKNOWN
СПЛАВАТЬ	128178-V	UNKNOWN
СПЛАВАТЬ	114103-V	UNKNOWN
СПОРИТЬСЯ	127308-V	UNKNOWN
СПОРИТЬСЯ	117469-V	UNKNOWN
СПОРИТЬСЯ	141472-V	UNKNOWN
СПОРИТЬСЯ	117193-V	UNKNOWN
СПОРИТЬСЯ	131599-V	UNKNOWN
СПОРИТЬСЯ	106829-V	UNKNOWN
СПОРИТЬСЯ	133626-V	UNKNOWN
СПОРИТЬСЯ	106830-V	UNKNOWN
СПОРИТЬСЯ	125999-V	UNKNOWN
СПОРИТЬСЯ	116360-V	UNKNOWN
СПРОВОЦИРОВАТЬ	117284-V	UNKNOWN
СПРОВОЦИРОВАТЬ	128641-V	UNKNOWN
СПРОВОЦИРОВАТЬ	114664-V	UNKNOWN
СПРОВОЦИРОВАТЬ	116520-V	UNKNOWN
СПРОВОЦИРОВАТЬ	112976-V	UNKNOWN
СПРОВОЦИРОВАТЬ	112440-V	UNKNOWN
СПРОВОЦИРОВАТЬ	118574-V	UNKNOWN
СПРОВОЦИРОВАТЬ	148418-V	UNKNOWN
СПРОВОЦИРОВАТЬ	128614-V	UNKNOWN
СПРОВОЦИРОВАТЬ	116478-V	UNKNOWN
СТРЕНОЖИТЬ	141906-V	UNKNOWN
СТРЕНОЖИТЬ	152700-V	UNKNOWN
СТРЕНОЖИТЬ	154238-V	UNKNOWN
СТРЕНОЖИТЬ	112286-V	UNKNOWN
СТРЕНОЖИТЬ	117966-V	UNKNOWN
СТРЕНОЖИТЬ	131229-V	UNKNOWN
СТРЕНОЖИТЬ	124871-V	UNKNOWN
СТРЕНОЖИТЬ	142411-V	UNKNOWN
СТРЕНОЖИТЬ	145662-V	UNKNOWN
СТРЕНОЖИТЬ	152928-V	UNKNOWN
СТРОЙНЕТЬ	112085-V	UNKNOWN
СТРОЙНЕТЬ	134043-V	UNKNOWN
СТРОЙНЕТЬ	116007-V	UNKNOWN
СТРОЙНЕТЬ	112081-V	UNKNOWN
СТРОЙНЕТЬ	331-V	UNKNOWN
СТРОЙНЕТЬ	112548-V	UNKNOWN
СТРОЙНЕТЬ	151204-V	UNKNOWN
СТРОЙНЕТЬ	142101-V	UNKNOWN
СТРОЙНЕТЬ	120111-V	UNKNOWN
СТРОЙНЕТЬ	111361-V	UNKNOWN
СЦЕДИТЬ	150539-V	UNKNOWN
СЦЕДИТЬ	114245-V	UNKNOWN
СЦЕДИТЬ	125809-V	UNKNOWN
СЦЕДИТЬ	110827-V	UNKNOWN
СЦЕДИТЬ	118119-V	UNKNOWN
СЦЕДИТЬ	125811-V	UNKNOWN
СЦЕДИТЬ	140767-V	UNKNOWN
СЦЕДИТЬ	123737-V	UNKNOWN
СЦЕДИТЬ	112263-V	UNKNOWN
СЦЕДИТЬ	152470-V	UNKNOWN
СЫРОНИЗИРОВАТЬ	106558-V	UNKNOWN
СЫРОНИЗИРОВАТЬ	123558-V	UNKNOWN
СЫРОНИЗИРОВАТЬ	112412-V	UNKNOWN
СЫРОНИЗИРОВАТЬ	112042-V	UNKNOWN
СЫРОНИЗИРОВАТЬ	133995-V	UNKNOWN
СЫРОНИЗИРОВАТЬ	111870-V	UNKNOWN
СЫРОНИЗИРОВАТЬ	125607-V	UNKNOWN
СЫРОНИЗИРОВАТЬ	116751-V	UNKNOWN
СЫРОНИЗИРОВАТЬ	119706-V	UNKNOWN
СЫРОНИЗИРОВАТЬ	130957-V	UNKNOWN
ТАРАЩИТЬ	120487-V	UNKNOWN
ТАРАЩИТЬ	4632-V	UNKNOWN
ТАРАЩИТЬ	142496-V	UNKNOWN
ТАРАЩИТЬ	123923-V	UNKNOWN
ТАРАЩИТЬ	120841-V	UNKNOWN
ТАРАЩИТЬ	127244-V	UNKNOWN
ТАРАЩИТЬ	116996-V	UNKNOWN
ТАРАЩИТЬ	125836-V	UNKNOWN
ТАРАЩИТЬ	110915-V	UNKNOWN
ТАРАЩИТЬ	110917-V	UNKNOWN
ТИТУЛОВАТЬ	128179-V	UNKNOWN
ТИТУЛОВАТЬ	146687-V	UNKNOWN
ТИТУЛОВАТЬ	142368-V	UNKNOWN
ТИТУЛОВАТЬ	147034-V	UNKNOWN
ТИТУЛОВАТЬ	109920-V	UNKNOWN
ТИТУЛОВАТЬ	120255-V	UNKNOWN
ТИТУЛОВАТЬ	129339-V	UNKNOWN
ТИТУЛОВАТЬ	145776-V	UNKNOWN
ТИТУЛОВАТЬ	117037-V	UNKNOWN
ТИТУЛОВАТЬ	133320-V	UNKNOWN
ТОЛОЧЬСЯ	120027-V	UNKNOWN
ТОЛОЧЬСЯ	129220-V	UNKNOWN
ТОЛОЧЬСЯ	143214-V	UNKNOWN
ТОЛОЧЬСЯ	107433-V	UNKNOWN
ТОЛОЧЬСЯ	142130-V	UNKNOWN
ТОЛОЧЬСЯ	120560-V	UNKNOWN
ТОЛОЧЬСЯ	131797-V	UNKNOWN
ТОЛОЧЬСЯ	112065-V	UNKNOWN
ТОЛОЧЬСЯ	114119-V	UNKNOWN
ТОЛОЧЬСЯ	114565-V	UNKNOWN
ТУСИТЬ	120644-V	UNKNOWN
ТУСИТЬ	126589-V	UNKNOWN
ТУСИТЬ	119594-V	UNKNOWN
ТУСИТЬ	1489-V	UNKNOWN
ТУСИТЬ	119595-V	UNKNOWN
ТУСИТЬ	120076-V	UNKNOWN
ТУСИТЬ	125999-V	UNKNOWN
ТУСИТЬ	123563-V	UNKNOWN
ТУСИТЬ	130172-V	UNKNOWN
ТУСИТЬ	117927-V	UNKNOWN
ТЯВКАТЬ	112461-V	UNKNOWN
ТЯВКАТЬ	107402-V	UNKNOWN
ТЯВКАТЬ	112574-V	UNKNOWN
ТЯВКАТЬ	107362-V	UNKNOWN
ТЯВКАТЬ	107386-V	UNKNOWN
ТЯВКАТЬ	111919-V	UNKNOWN
ТЯВКАТЬ	114745-V	UNKNOWN
ТЯВКАТЬ	132053-V	UNKNOWN
ТЯВКАТЬ	113042-V	UNKNOWN
ТЯВКАТЬ	115041-V	UNKNOWN
ТЯПНУТЬ	114119-V	UNKNOWN
ТЯПНУТЬ	134139-V	UNKNOWN
ТЯПНУТЬ	140767-V	UNKNOWN
ТЯПНУТЬ	118119-V	UNKNOWN
ТЯПНУТЬ	117853-V	UNKNOWN
ТЯПНУТЬ	120027-V	UNKNOWN
ТЯПНУТЬ	134193-V	UNKNOWN
ТЯПНУТЬ	115544-V	UNKNOWN
ТЯПНУТЬ	120293-V	UNKNOWN
ТЯПНУТЬ	120186-V	UNKNOWN
УКАТИТЬСЯ	123373-V	UNKNOWN
УКАТИТЬСЯ	143240-V	UNKNOWN
УКАТИТЬСЯ	132755-V	UNKNOWN
УКАТИТЬСЯ	120239-V	UNKNOWN
УКАТИТЬСЯ	134434-V	UNKNOWN
УКАТИТЬСЯ	116657-V	UNKNOWN
УКАТИТЬСЯ	149766-V	UNKNOWN
УКАТИТЬСЯ	130372-V	UNKNOWN
УКАТИТЬСЯ	116662-V	UNKNOWN
УКАТИТЬСЯ	111600-V	UNKNOWN
УЛОМАТЬ	113672-V	UNKNOWN
УЛОМАТЬ	125796-V	UNKNOWN
УЛОМАТЬ	118427-V	UNKNOWN
УЛОМАТЬ	139745-V	UNKNOWN
УЛОМАТЬ	117689-V	UNKNOWN
УЛОМАТЬ	117872-V	UNKNOWN
УЛОМАТЬ	131680-V	UNKNOWN
УЛОМАТЬ	125999-V	UNKNOWN
УЛОМАТЬ	130521-V	UNKNOWN
УЛОМАТЬ	148321-V	UNKNOWN
УМИЛОСТИВИТЬ	118574-V	UNKNOWN
УМИЛОСТИВИТЬ	114482-V	UNKNOWN
УМИЛОСТИВИТЬ	131925-V	UNKNOWN
УМИЛОСТИВИТЬ	112976-V	UNKNOWN
УМИЛОСТИВИТЬ	117233-V	UNKNOWN
УМИЛОСТИВИТЬ	117302-V	UNKNOWN
УМИЛОСТИВИТЬ	114664-V	UNKNOWN
УМИЛОСТИВИТЬ	114934-V	UNKNOWN
УМИЛОСТИВИТЬ	120293-V	UNKNOWN
УМИЛОСТИВИТЬ	116478-V	UNKNOWN
УМЫКНУТЬ	120658-V	UNKNOWN
УМЫКНУТЬ	116221-V	UNKNOWN
УМЫКНУТЬ	115773-V	UNKNOWN
УМЫКНУТЬ	111850-V	UNKNOWN
УМЫКНУТЬ	144368-V	UNKNOWN
УМЫКНУТЬ	130507-V	UNKNOWN
УМЫКНУТЬ	129122-V	UNKNOWN
УМЫКНУТЬ	116732-V	UNKNOWN
УМЫКНУТЬ	118590-V	UNKNOWN
УМЫКНУТЬ	145883-V	UNKNOWN
УСЕЯТЬ	115237-V	UNKNOWN
УСЕЯТЬ	115941-V	UNKNOWN
УСЕЯТЬ	128665-V	UNKNOWN
УСЕЯТЬ	112386-V	UNKNOWN
УСЕЯТЬ	115856-V	UNKNOWN
УСЕЯТЬ	141392-V	UNKNOWN
УСЕЯТЬ	144682-V	UNKNOWN
УСЕЯТЬ	110780-V	UNKNOWN
УСЕЯТЬ	111876-V	UNKNOWN
УСЕЯТЬ	118896-V	UNKNOWN
УСКАКАТЬ	120616-V	UNKNOWN
УСКАКАТЬ	130346-V	UNKNOWN
УСКАКАТЬ	134434-V	UNKNOWN
УСКАКАТЬ	125846-V	UNKNOWN
УСКАКАТЬ	116687-V	UNKNOWN
УСКАКАТЬ	138483-V	UNKNOWN
УСКАКАТЬ	120864-V	UNKNOWN
УСКАКАТЬ	114589-V	UNKNOWN
УСКАКАТЬ	111658-V	UNKNOWN
УСКАКАТЬ	130447-V	UNKNOWN
УСТЕЛИТЬ	131594-V	UNKNOWN
УСТЕЛИТЬ	110780-V	UNKNOWN
УСТЕЛИТЬ	111876-V	UNKNOWN
УСТЕЛИТЬ	111573-V	UNKNOWN
УСТЕЛИТЬ	115856-V	UNKNOWN
УСТЕЛИТЬ	112386-V	UNKNOWN
УСТЕЛИТЬ	131404-V	UNKNOWN
УСТЕЛИТЬ	118896-V	UNKNOWN
УСТЕЛИТЬ	133726-V	UNKNOWN
УСТЕЛИТЬ	154287-V	UNKNOWN
УСТЛАТЬ	116286-V	UNKNOWN
УСТЛАТЬ	119124-V	UNKNOWN
УСТЛАТЬ	115220-V	UNKNOWN
УСТЛАТЬ	118713-V	UNKNOWN
УСТЛАТЬ	117381-V	UNKNOWN
УСТЛАТЬ	149339-V	UNKNOWN
УСТЛАТЬ	153964-V	UNKNOWN
УСТЛАТЬ	116767-V	UNKNOWN
УСТЛАТЬ	123749-V	UNKNOWN
УСТЛАТЬ	111438-V	UNKNOWN
УТЫКАТЬ	116507-V	UNKNOWN
УТЫКАТЬ	118851-V	UNKNOWN
УТЫКАТЬ	129105-V	UNKNOWN
УТЫКАТЬ	109451-V	UNKNOWN
УТЫКАТЬ	115145-V	UNKNOWN
УТЫКАТЬ	117838-V	UNKNOWN
УТЫКАТЬ	146624-V	UNKNOWN
УТЫКАТЬ	131137-V	UNKNOWN
УТЫКАТЬ	111571-V	UNKNOWN
УТЫКАТЬ	134124-V	UNKNOWN
ФАРШИРОВАТЬ	110810-V	UNKNOWN
ФАРШИРОВАТЬ	110720-V	UNKNOWN
ФАРШИРОВАТЬ	114832-V	UNKNOWN
ФАРШИРОВАТЬ	121374-V	UNKNOWN
ФАРШИРОВАТЬ	111886-V	UNKNOWN
ФАРШИРОВАТЬ	112381-V	UNKNOWN
ФАРШИРОВАТЬ	111640-V	UNKNOWN
ФАРШИРОВАТЬ	131465-V	UNKNOWN
ФАРШИРОВАТЬ	119771-V	UNKNOWN
ФАРШИРОВАТЬ	111435-V	UNKNOWN
ФОРМОВАТЬ	106558-V	UNKNOWN
ФОРМОВАТЬ	123558-V	UNKNOWN
ФОРМОВАТЬ	112412-V	UNKNOWN
ФОРМОВАТЬ	139746-V	UNKNOWN
ФОРМОВАТЬ	139169-V	UNKNOWN
ФОРМОВАТЬ	112042-V	UNKNOWN
ФОРМОВАТЬ	106496-V	UNKNOWN
ФОРМОВАТЬ	106495-V	UNKNOWN
ФОРМОВАТЬ	125858-V	UNKNOWN
ФОРМОВАТЬ	138209-V	UNKNOWN
ФОТОШОПИТЬ	111561-V	UNKNOWN
ФОТОШОПИТЬ	115791-V	UNKNOWN
ФОТОШОПИТЬ	117454-V	UNKNOWN
ФОТОШОПИТЬ	137963-V	UNKNOWN
ФОТОШОПИТЬ	116807-V	UNKNOWN
ФОТОШОПИТЬ	154207-V	UNKNOWN
ФОТОШОПИТЬ	138409-V	UNKNOWN
ФОТОШОПИТЬ	111623-V	UNKNOWN
ФОТОШОПИТЬ	112046-V	UNKNOWN
ФОТОШОПИТЬ	115615-V	UNKNOWN
ХЛЮПАТЬ	115039-V	UNKNOWN
ХЛЮПАТЬ	115043-V	UNKNOWN
ХЛЮПАТЬ	117986-V	UNKNOWN
ХЛЮПАТЬ	117024-V	UNKNOWN
ХЛЮПАТЬ	113841-V	UNKNOWN
ХЛЮПАТЬ	117129-V	UNKNOWN
ХЛЮПАТЬ	133619-V	UNKNOWN
ХЛЮПАТЬ	111156-V	UNKNOWN
ХЛЮПАТЬ	140767-V	UNKNOWN
ХЛЮПАТЬ	107358-V	UNKNOWN
ХМЫКНУТЬ	131334-V	UNKNOWN
ХМЫКНУТЬ	145796-V	UNKNOWN
ХМЫКНУТЬ	113841-V	UNKNOWN
ХМЫКНУТЬ	134139-V	UNKNOWN
ХМЫКНУТЬ	106829-V	UNKNOWN
ХМЫКНУТЬ	125107-V	UNKNOWN
ХМЫКНУТЬ	120640-V	UNKNOWN
ХМЫКНУТЬ	143611-V	UNKNOWN
ХМЫКНУТЬ	142456-V	UNKNOWN
ХМЫКНУТЬ	147382-V	UNKNOWN
ХРЮКАТЬ	112922-V	UNKNOWN
ХРЮКАТЬ	132053-V	UNKNOWN
ХРЮКАТЬ	115041-V	UNKNOWN
ХРЮКАТЬ	107358-V	UNKNOWN
ХРЮКАТЬ	107362-V	UNKNOWN
ХРЮКАТЬ	112461-V	UNKNOWN
ХРЮКАТЬ	107402-V	UNKNOWN
ХРЮКАТЬ	113042-V	UNKNOWN
ХРЮКАТЬ	113288-V	UNKNOWN
ХРЮКАТЬ	107386-V	UNKNOWN
ХУДИТЬ	111979-V	UNKNOWN
ХУДИТЬ	128593-V	UNKNOWN
ХУДИТЬ	128680-V	UNKNOWN
ХУДИТЬ	149413-V	UNKNOWN
ХУДИТЬ	117347-V	UNKNOWN
ХУДИТЬ	125999-V	UNKNOWN
ХУДИТЬ	111369-V	UNKNOWN
ХУДИТЬ	130975-V	UNKNOWN
ХУДИТЬ	111281-V	UNKNOWN
ХУДИТЬ	113841-V	UNKNOWN
ЦОКАТЬ	111156-V	UNKNOWN
ЦОКАТЬ	134434-V	UNKNOWN
ЦОКАТЬ	131899-V	UNKNOWN
ЦОКАТЬ	140767-V	UNKNOWN
ЦОКАТЬ	120186-V	UNKNOWN
ЦОКАТЬ	131902-V	UNKNOWN
ЦОКАТЬ	115100-V	UNKNOWN
ЦОКАТЬ	144443-V	UNKNOWN
ЦОКАТЬ	115307-V	UNKNOWN
ЦОКАТЬ	114585-V	UNKNOWN
ЦЫКАТЬ	107095-V	UNKNOWN
ЦЫКАТЬ	115041-V	UNKNOWN
ЦЫКАТЬ	112461-V	UNKNOWN
ЦЫКАТЬ	125900-V	UNKNOWN
ЦЫКАТЬ	116251-V	UNKNOWN
ЦЫКАТЬ	134139-V	UNKNOWN
ЦЫКАТЬ	111919-V	UNKNOWN
ЦЫКАТЬ	144443-V	UNKNOWN
ЦЫКАТЬ	117335-V	UNKNOWN
ЦЫКАТЬ	107106-V	UNKNOWN
ЧАДИТЬ	130988-V	UNKNOWN
ЧАДИТЬ	153583-V	UNKNOWN
ЧАДИТЬ	154714-V	UNKNOWN
ЧАДИТЬ	148300-V	UNKNOWN
ЧАДИТЬ	113004-V	UNKNOWN
ЧАДИТЬ	131416-V	UNKNOWN
ЧАДИТЬ	110727-V	UNKNOWN
ЧАДИТЬ	143530-V	UNKNOWN
ЧАДИТЬ	115774-V	UNKNOWN
ЧАДИТЬ	153964-V	UNKNOWN
ЧЕРСТВЕТЬ	110426-V	UNKNOWN
ЧЕРСТВЕТЬ	132984-V	UNKNOWN
ЧЕРСТВЕТЬ	123735-V	UNKNOWN
ЧЕРСТВЕТЬ	132996-V	UNKNOWN
ЧЕРСТВЕТЬ	120381-V	UNKNOWN
ЧЕРСТВЕТЬ	132999-V	UNKNOWN
ЧЕРСТВЕТЬ	153087-V	UNKNOWN
ЧЕРСТВЕТЬ	131343-V	UNKNOWN
ЧЕРСТВЕТЬ	117366-V	UNKNOWN
ЧЕРСТВЕТЬ	128680-V	UNKNOWN
ЧЕТВЕРТОВАТЬ	107410-V	UNKNOWN
ЧЕТВЕРТОВАТЬ	107412-V	UNKNOWN
ЧЕТВЕРТОВАТЬ	120829-V	UNKNOWN
ЧЕТВЕРТОВАТЬ	117781-V	UNKNOWN
ЧЕТВЕРТОВАТЬ	107417-V	UNKNOWN
ЧЕТВЕРТОВАТЬ	115539-V	UNKNOWN
ЧЕТВЕРТОВАТЬ	134463-V	UNKNOWN
ЧЕТВЕРТОВАТЬ	113453-V	UNKNOWN
ЧЕТВЕРТОВАТЬ	129176-V	UNKNOWN
ЧЕТВЕРТОВАТЬ	116690-V	UNKNOWN
ЧМОКНУТЬ	118257-V	UNKNOWN
ЧМОКНУТЬ	117129-V	UNKNOWN
ЧМОКНУТЬ	143611-V	UNKNOWN
ЧМОКНУТЬ	115709-V	UNKNOWN
ЧМОКНУТЬ	118500-V	UNKNOWN
ЧМОКНУТЬ	128279-V	UNKNOWN
ЧМОКНУТЬ	118119-V	UNKNOWN
ЧМОКНУТЬ	115510-V	UNKNOWN
ЧМОКНУТЬ	113841-V	UNKNOWN
ЧМОКНУТЬ	142456-V	UNKNOWN
ШАРКАТЬ	140767-V	UNKNOWN
ШАРКАТЬ	119595-V	UNKNOWN
ШАРКАТЬ	107469-V	UNKNOWN
ШАРКАТЬ	131899-V	UNKNOWN
ШАРКАТЬ	114585-V	UNKNOWN
ШАРКАТЬ	114517-V	UNKNOWN
ШАРКАТЬ	107470-V	UNKNOWN
ШАРКАТЬ	129693-V	UNKNOWN
ШАРКАТЬ	134193-V	UNKNOWN
ШАРКАТЬ	120027-V	UNKNOWN
ШЕПЕЛЯВИТЬ	107106-V	UNKNOWN
ШЕПЕЛЯВИТЬ	107358-V	UNKNOWN
ШЕПЕЛЯВИТЬ	117878-V	UNKNOWN
ШЕПЕЛЯВИТЬ	107095-V	UNKNOWN
ШЕПЕЛЯВИТЬ	107110-V	UNKNOWN
ШЕПЕЛЯВИТЬ	132053-V	UNKNOWN
ШЕПЕЛЯВИТЬ	107117-V	UNKNOWN
ШЕПЕЛЯВИТЬ	113288-V	UNKNOWN
ШЕПЕЛЯВИТЬ	112574-V	UNKNOWN
ШЕПЕЛЯВИТЬ	112922-V	UNKNOWN
ЭШЕЛОНИРОВАТЬ	116307-V	UNKNOWN
ЭШЕЛОНИРОВАТЬ	117608-V	UNKNOWN
ЭШЕЛОНИРОВАТЬ	135549-V	UNKNOWN
ЭШЕЛОНИРОВАТЬ	130850-V	UNKNOWN
ЭШЕЛОНИРОВАТЬ	2680-V	UNKNOWN
ЭШЕЛОНИРОВАТЬ	127546-V	UNKNOWN
ЭШЕЛОНИРОВАТЬ	154304-V	UNKNOWN
ЭШЕЛОНИРОВАТЬ	129176-V	UNKNOWN
ЭШЕЛОНИРОВАТЬ	137338-V	UNKNOWN
ЭШЕЛОНИРОВАТЬ	118018-V	UNKNOWN
ЮМОРИТЬ	116285-V	UNKNOWN
ЮМОРИТЬ	117332-V	UNKNOWN
ЮМОРИТЬ	128675-V	UNKNOWN
ЮМОРИТЬ	119595-V	UNKNOWN
ЮМОРИТЬ	149413-V	UNKNOWN
ЮМОРИТЬ	116282-V	UNKNOWN
ЮМОРИТЬ	126588-V	UNKNOWN
ЮМОРИТЬ	140767-V	UNKNOWN
ЮМОРИТЬ	120440-V	UNKNOWN
ЮМОРИТЬ	120075-V	UNKNOWN
