АБСОЛЮТИЗИРОВАТЬ	119472-N	АБСОЛЮТНЫЙ (БЕЗУСЛОВНЫЙ)
АБСОЛЮТИЗИРОВАТЬ	124899-N	ОБОБЩИТЬ (ВЫРАЗИТЬ)
АБСОЛЮТИЗИРОВАТЬ	119603-N	АБСОЛЮТНЫЙ (ПОЛНЫЙ, СОВЕРШЕННЫЙ)
АБСОЛЮТИЗИРОВАТЬ	144586-N	ОБНУЛИТЬ
АБСОЛЮТИЗИРОВАТЬ	117448-N	НАВЕРСТАТЬ УПУЩЕННОЕ
АБСОЛЮТИЗИРОВАТЬ	120389-N	НАНИЗАТЬ (НАДЕТЬ)
АБСОЛЮТИЗИРОВАТЬ	118540-N	НАДУТЬ (НАНЕСТИ)
АБСОЛЮТИЗИРОВАТЬ	113501-N	РАСТОПТАТЬ (УНИЧТОЖИТЬ)
АБСОЛЮТИЗИРОВАТЬ	140864-N	РАЗОБРАТЬ, РАСХВАТАТЬ
АБСОЛЮТИЗИРОВАТЬ	130469-N	РАСПУТАТЬ СПУТАННОЕ
АКТИВИРОВАТЬ	118371-N	АКТИВНЫЙ, ДЕЯТЕЛЬНЫЙ
АКТИВИРОВАТЬ	106949-N	ЛЮБОЗНАТЕЛЬНОСТЬ, ПЫТЛИВОСТЬ
АКТИВИРОВАТЬ	121388-N	АКТИВ (ГРУППА ЛЮДЕЙ)
АКТИВИРОВАТЬ	121500-N	АКТИВИЗИРОВАТЬСЯ
АКТИВИРОВАТЬ	846-N	АКЦИОНИРОВАНИЕ
АКТИВИРОВАТЬ	119197-N	ПОДХВАТИТЬ НАЧАТОЕ
АКТИВИРОВАТЬ	123502-N	ПОСТУПИТЬ ПО НАЗНАЧЕНИЮ
АКТИВИРОВАТЬ	111114-N	НАКАЛИТЬСЯ, РАСКАЛИТЬСЯ
АКТИВИРОВАТЬ	114589-N	ВСПРЫГНУТЬ
АКТИВИРОВАТЬ	118288-N	НАВОДНИТЬ
АМЕРИКАНИЗИРОВАТЬ	135814-N	АМЕРИКАНИЗМ
АМЕРИКАНИЗИРОВАТЬ	143957-N	ИНТЕРНАЦИОНАЛИЗАЦИЯ
АМЕРИКАНИЗИРОВАТЬ	141461-N	МАТЕРИАЛИЗОВАТЬСЯ
АМЕРИКАНИЗИРОВАТЬ	143859-N	НОРМАЛИЗОВАТЬ
АМЕРИКАНИЗИРОВАТЬ	120389-N	НАНИЗАТЬ (НАДЕТЬ)
АМЕРИКАНИЗИРОВАТЬ	143040-N	ЕВРОПЕИЗАЦИЯ
АМЕРИКАНИЗИРОВАТЬ	118540-N	НАДУТЬ (НАНЕСТИ)
АМЕРИКАНИЗИРОВАТЬ	139312-N	ДЕКОЛОНИЗАЦИЯ
АМЕРИКАНИЗИРОВАТЬ	146962-N	МАРГИНАЛИЗАЦИЯ
АМЕРИКАНИЗИРОВАТЬ	112052-N	ИМПРОВИЗИРОВАТЬ
АНОДИРОВАТЬ	118540-N	НАДУТЬ (НАНЕСТИ)
АНОДИРОВАТЬ	118288-N	НАВОДНИТЬ
АНОДИРОВАТЬ	5498-N	АНОД
АНОДИРОВАТЬ	120389-N	НАНИЗАТЬ (НАДЕТЬ)
АНОДИРОВАТЬ	114863-N	АДЕНОИДЫ
АНОДИРОВАТЬ	115967-N	МЫЛИТЬ, НАМЫЛИВАТЬ
АНОДИРОВАТЬ	124531-N	АНКЕТИРОВАНИЕ
АНОДИРОВАТЬ	116661-N	ВДАВИТЬ ВНУТРЬ
АНОДИРОВАТЬ	3839-N	НАТРИЙ
АНОДИРОВАТЬ	118317-N	НАНЕСТИ (ОТМЕТИТЬ, НАЧЕРТИТЬ)
БИНТОВАТЬ	111426-N	БИНТ
БИНТОВАТЬ	120389-N	НАНИЗАТЬ (НАДЕТЬ)
БИНТОВАТЬ	118540-N	НАДУТЬ (НАНЕСТИ)
БИНТОВАТЬ	132740-N	НАВЯЗАТЬ (ЗАСТАВИТЬ ВЗЯТЬ)
БИНТОВАТЬ	104882-N	НАНТ
БИНТОВАТЬ	143878-N	НАВЯЗАТЬ (ЗАСТАВИТЬ ПРИНЯТЬ)
БИНТОВАТЬ	116045-N	НАКАТИТЬ (ПОМЕСТИТЬ)
БИНТОВАТЬ	118851-N	КУТАТЬ (ЗАВЕРНУТЬ)
БИНТОВАТЬ	126461-N	НАБИТЬ (НАСАДИТЬ)
БИНТОВАТЬ	118263-N	КАНТОВАТЬ (ОБШИТЬ)
БОДРИТЬСЯ	114461-N	ПРОСНУТЬСЯ, ПЕРЕСТАТЬ СПАТЬ
БОДРИТЬСЯ	114460-N	БУДИТЬ (ЗАСТАВЛЯТЬ ПРОСНУТЬСЯ)
БОДРИТЬСЯ	125180-N	БОДРСТВОВАТЬ, НЕ СПАТЬ
БОДРИТЬСЯ	111114-N	НАКАЛИТЬСЯ, РАСКАЛИТЬСЯ
БОДРИТЬСЯ	128304-N	ВСТАТЬ НА УЧЕТ
БОДРИТЬСЯ	111101-N	НАГРЕТЬСЯ
БОДРИТЬСЯ	120389-N	НАНИЗАТЬ (НАДЕТЬ)
БОДРИТЬСЯ	117854-N	ВОЗРОДИТЬСЯ
БОДРИТЬСЯ	118786-N	БОДРЫЙ
БОДРИТЬСЯ	112932-N	НАГАН
БУРЕТЬ	112208-N	БУРУН
БУРЕТЬ	113558-N	ПРИБОЙ
БУРЕТЬ	103889-N	НАЗАРЕТ
БУРЕТЬ	119014-N	БАРАХТАТЬСЯ
БУРЕТЬ	4354-N	БУРЯ
БУРЕТЬ	119726-N	БУРЛИТЬ, КЛОКОТАТЬ
БУРЕТЬ	100261-N	БУРЕЯ
БУРЕТЬ	125492-N	БУРТ (КУЧА)
БУРЕТЬ	127049-N	НАГЛЕТЬ, ОБНАГЛЕТЬ
БУРЕТЬ	105556-N	БУРЯТЫ
ВБУХИВАТЬ	118540-N	НАДУТЬ (НАНЕСТИ)
ВБУХИВАТЬ	117964-N	ОБНЮХАТЬ
ВБУХИВАТЬ	143192-N	ВЫМАНИТЬ НАРУЖУ
ВБУХИВАТЬ	120389-N	НАНИЗАТЬ (НАДЕТЬ)
ВБУХИВАТЬ	115823-N	НЮХАТЬ ЗАПАХ
ВБУХИВАТЬ	111874-N	ВЫКУРИТЬ НАРУЖУ
ВБУХИВАТЬ	130455-N	ВЫНОСИТЬ МЫСЛЬ
ВБУХИВАТЬ	116661-N	ВДАВИТЬ ВНУТРЬ
ВБУХИВАТЬ	118288-N	НАВОДНИТЬ
ВБУХИВАТЬ	120943-N	НАТАСКАТЬ (ПОВЕРХНОСТНО НАУЧИТЬ)
ВЕРЕЩАТЬ	117661-N	ЗВЕРЕТЬ
ВЕРЕЩАТЬ	119033-N	ВЕРНЫЙ (НЕИЗБЕЖНЫЙ, НЕСОМНЕННЫЙ)
ВЕРЕЩАТЬ	118934-N	ДОВЕРЧИВЫЙ
ВЕРЕЩАТЬ	132736-N	НАВЕСИТЬ (НАДЕТЬ)
ВЕРЕЩАТЬ	3407-N	ПОВЕРЕННЫЙ
ВЕРЕЩАТЬ	120389-N	НАНИЗАТЬ (НАДЕТЬ)
ВЕРЕЩАТЬ	7180-N	ДОВЕРИТЕЛЬ
ВЕРЕЩАТЬ	138844-N	ДОВЕР
ВЕРЕЩАТЬ	118532-N	ВЕРТЕТЬ ИЗ СТОРОНЫ В СТОРОНУ
ВЕРЕЩАТЬ	144834-N	ВЕРОТЕРПИМЫЙ
ВЗЪЕРОШИТЬ	118540-N	НАДУТЬ (НАНЕСТИ)
ВЗЪЕРОШИТЬ	107454-N	ПОДНЯТЬСЯ (ПЕРЕМЕСТИТЬСЯ ВВЕРХ)
ВЗЪЕРОШИТЬ	123491-N	ПРОСТУПИТЬ НА ПОВЕРХНОСТЬ
ВЗЪЕРОШИТЬ	131129-N	ЗАВЫСИТЬ, ЧРЕЗМЕРНО ПОВЫСИТЬ
ВЗЪЕРОШИТЬ	117484-N	ВЗОЙТИ, ПОДНЯТЬСЯ ПЕШКОМ
ВЗЪЕРОШИТЬ	120389-N	НАНИЗАТЬ (НАДЕТЬ)
ВЗЪЕРОШИТЬ	124567-N	ВОЗНЕСТИСЬ (ПОДНЯТЬСЯ ВВЕРХ)
ВЗЪЕРОШИТЬ	130455-N	ВЫНОСИТЬ МЫСЛЬ
ВЗЪЕРОШИТЬ	105543-N	НАЗРАНЬ
ВЗЪЕРОШИТЬ	110917-N	ВЫТАЩИТЬ НАРУЖУ
ВКРУТИТЬ	127047-N	НАВИНТИТЬ (НАДЕТЬ)
ВКРУТИТЬ	118591-N	ВЫВЕРНУТЬ НАРУЖУ
ВКРУТИТЬ	116166-N	ВЫКРУТИТЬ (ОТЖАТЬ)
ВКРУТИТЬ	141609-N	РАСКРУТИТЬСЯ (КРУТИТЬСЯ)
ВКРУТИТЬ	120773-N	ЗАМОТАТЬСЯ (НАКРУТИТЬСЯ)
ВКРУТИТЬ	116236-N	ОБЕРНУТЬСЯ (ИЗМЕНИТЬ ПОЛОЖЕНИЕ)
ВКРУТИТЬ	116235-N	ОБЕРНУТЬ (ИЗМЕНИТЬ ПОЛОЖЕНИЕ)
ВКРУТИТЬ	111874-N	ВЫКУРИТЬ НАРУЖУ
ВКРУТИТЬ	134179-N	КРУТИТЬ ЗАПИСЬ
ВКРУТИТЬ	115727-N	КРУТИТЬ (ВЕРТЕТЬ КРУГООБРАЗНО)
ВПАЯТЬ	111031-N	ВАЛИТЬСЯ
ВПАЯТЬ	117225-N	ОБРУШИТЬСЯ, ОБВАЛИТЬСЯ
ВПАЯТЬ	118428-N	ОБЛОМИТЬСЯ (СЛОМАТЬСЯ, ОБРУШИТЬСЯ)
ВПАЯТЬ	133078-N	ОБЛОМАТЬСЯ ПО КРАЯМ
ВПАЯТЬ	116081-N	ВНИКНУТЬ
ВПАЯТЬ	137804-N	ВЪЕХАТЬ ВВЕРХ
ВПАЯТЬ	124784-N	НАЛЕЧЬ, НАВАЛИТЬСЯ
ВПАЯТЬ	129715-N	ВВЕРГНУТЬ В СОСТОЯНИЕ
ВПАЯТЬ	120389-N	НАНИЗАТЬ (НАДЕТЬ)
ВПАЯТЬ	115287-N	ЗАГНАТЬ ВНУТРЬ
ВПРАВИТЬ	111362-N	ИСПРАВИТЬ (УЛУЧШИТЬ)
ВПРАВИТЬ	133628-N	ПЕРЕВОСПИТАНИЕ
ВПРАВИТЬ	119751-N	НАПРАВИТЬ (ПОСЛАТЬ)
ВПРАВИТЬ	117375-N	ОПРАВИТЬ (ПОДПРАВИТЬ)
ВПРАВИТЬ	145755-N	НАПРАВИТЬ (ПРИДАТЬ, УКАЗАТЬ НАПРАВЛЕНИЕ)
ВПРАВИТЬ	113474-N	ОПРАВИТЬ, ВСТАВИТЬ В ОПРАВУ
ВПРАВИТЬ	118288-N	НАВОДНИТЬ
ВПРАВИТЬ	118540-N	НАДУТЬ (НАНЕСТИ)
ВПРАВИТЬ	119750-N	НАПУСТИТЬ (НАПРАВИТЬ ДЛЯ НАПАДЕНИЯ)
ВПРАВИТЬ	117962-N	НАВЫК
ВРЫТЬ	116188-N	ПРОРВАТЬ ОТВЕРСТИЕ
ВРЫТЬ	115540-N	НАДОРВАТЬСЯ (РАЗОРВАТЬСЯ)
ВРЫТЬ	115538-N	НАДОРВАТЬ (НЕ ДО КОНЦА РАЗОРВАТЬ)
ВРЫТЬ	142386-N	ПРОРВАТЬ НАПОРОМ
ВРЫТЬ	113672-N	ВЫЛОМАТЬ
ВРЫТЬ	120111-N	СРЫТЬ
ВРЫТЬ	118046-N	НАРУШИТЬСЯ
ВРЫТЬ	115539-N	РАЗОРВАТЬСЯ НА ЧАСТИ
ВРЫТЬ	137907-N	СОРВАТЬСЯ (НЕ СОСТОЯТЬСЯ)
ВРЫТЬ	125603-N	ВЗЛОМАТЬ (ВСКРЫТЬ)
ВСКРУЖИТЬ	115717-N	КРУЖИТЬ (ДВИГАТЬ КРУГООБРАЗНО)
ВСКРУЖИТЬ	112412-N	ЗАКРУГЛИТЬ (СДЕЛАТЬ ОКРУГЛЫМ)
ВСКРУЖИТЬ	123558-N	ОКРУГЛИТЬ, СДЕЛАТЬ КРУГЛЫМ
ВСКРУЖИТЬ	118591-N	ВЫВЕРНУТЬ НАРУЖУ
ВСКРУЖИТЬ	115193-N	ОКРУЖИТЬ, ЗАКЛЮЧИТЬ В КРУГ
ВСКРУЖИТЬ	146720-N	ОБНЕСТИ ВОКРУГ
ВСКРУЖИТЬ	116236-N	ОБЕРНУТЬСЯ (ИЗМЕНИТЬ ПОЛОЖЕНИЕ)
ВСКРУЖИТЬ	115213-N	ОСКВЕРНИТЬ
ВСКРУЖИТЬ	127047-N	НАВИНТИТЬ (НАДЕТЬ)
ВСКРУЖИТЬ	118540-N	НАДУТЬ (НАНЕСТИ)
ВСХЛИПЫВАТЬ	111031-N	ВАЛИТЬСЯ
ВСХЛИПЫВАТЬ	117225-N	ОБРУШИТЬСЯ, ОБВАЛИТЬСЯ
ВСХЛИПЫВАТЬ	118428-N	ОБЛОМИТЬСЯ (СЛОМАТЬСЯ, ОБРУШИТЬСЯ)
ВСХЛИПЫВАТЬ	133078-N	ОБЛОМАТЬСЯ ПО КРАЯМ
ВСХЛИПЫВАТЬ	120799-N	ПРОЩУПАТЬ, НАЩУПАТЬ
ВСХЛИПЫВАТЬ	116228-N	ЗАХЛОПНУТЬ (ЗАКРЫТЬ)
ВСХЛИПЫВАТЬ	111066-N	НАКЛОНИТЬСЯ, СКЛОНИТЬСЯ
ВСХЛИПЫВАТЬ	111666-N	СЛИПНУТЬСЯ ВМЕСТЕ
ВСХЛИПЫВАТЬ	111114-N	НАКАЛИТЬСЯ, РАСКАЛИТЬСЯ
ВСХЛИПЫВАТЬ	117002-N	КЛЯНЧИТЬ
ВШИВАТЬ	113291-N	СШИВАТЬ
ВШИВАТЬ	111575-N	ЗАШИТЬ (СОЕДИНИТЬ ШВОМ)
ВШИВАТЬ	131404-N	ЗАМЕТАТЬ (ЗАШИТЬ)
ВШИВАТЬ	120389-N	НАНИЗАТЬ (НАДЕТЬ)
ВШИВАТЬ	116799-N	НАШИТЬ СВЕРХУ
ВШИВАТЬ	118540-N	НАДУТЬ (НАНЕСТИ)
ВШИВАТЬ	132740-N	НАВЯЗАТЬ (ЗАСТАВИТЬ ВЗЯТЬ)
ВШИВАТЬ	132736-N	НАВЕСИТЬ (НАДЕТЬ)
ВШИВАТЬ	117817-N	ВКЛИНИТЬ
ВШИВАТЬ	116661-N	ВДАВИТЬ ВНУТРЬ
ВЫКЛЕВАТЬ	130352-N	ВЫВОЛОЧЬ НАРУЖУ
ВЫКЛЕВАТЬ	111874-N	ВЫКУРИТЬ НАРУЖУ
ВЫКЛЕВАТЬ	110917-N	ВЫТАЩИТЬ НАРУЖУ
ВЫКЛЕВАТЬ	125796-N	ВЫДАВИТЬ (ВЫЛОМАТЬ)
ВЫКЛЕВАТЬ	130547-N	ВЫТЕРЕТЬСЯ ОТ НОСКИ
ВЫКЛЕВАТЬ	143192-N	ВЫМАНИТЬ НАРУЖУ
ВЫКЛЕВАТЬ	125816-N	ВЫЛУПИТЬСЯ ИЗ ЯЙЦА
ВЫКЛЕВАТЬ	113672-N	ВЫЛОМАТЬ
ВЫКЛЕВАТЬ	117002-N	КЛЯНЧИТЬ
ВЫКЛЕВАТЬ	117619-N	ПЕРЕЛОВИТЬ
ВЫПЛАКАТЬ	117368-N	ОПЛАКАТЬ
ВЫПЛАКАТЬ	133711-N	ПОПЛАТИТЬСЯ
ВЫПЛАКАТЬ	6531-N	ДЕНЕЖНАЯ ВЫПЛАТА
ВЫПЛАКАТЬ	127068-N	НАКИПЬ (ПЕНА)
ВЫПЛАКАТЬ	117583-N	СДАТЬ СДАЧУ
ВЫПЛАКАТЬ	111208-N	ПРЕДПЛЕЧЬЕ
ВЫПЛАКАТЬ	140584-N	НЕДОПЛАТИТЬ
ВЫПЛАКАТЬ	116732-N	ВЫПОРОТЬ (ВЫНУТЬ)
ВЫПЛАКАТЬ	130497-N	ВЫРУЧИТЬ ДЕНЬГИ
ВЫПЛАКАТЬ	132117-N	ЛАТАТЬ, СТАВИТЬ ЗАПЛАТЫ
ВЫСПРАШИВАТЬ	116735-N	ВЫПРОСИТЬ
ВЫСПРАШИВАТЬ	117002-N	КЛЯНЧИТЬ
ВЫСПРАШИВАТЬ	111813-N	ПЕРЕСПРОСИТЬ
ВЫСПРАШИВАТЬ	114568-N	ВПРЫСНУТЬ
ВЫСПРАШИВАТЬ	126249-N	ЗАПРОСИТЬ ЦЕНУ
ВЫСПРАШИВАТЬ	107344-N	ПРОСИТЬ, ОБРАЩАТЬСЯ С ПРОСЬБОЙ
ВЫСПРАШИВАТЬ	120799-N	ПРОЩУПАТЬ, НАЩУПАТЬ
ВЫСПРАШИВАТЬ	117624-N	ВЫМОЛИТЬ (ВЫПРОСИТЬ МОЛЬБАМИ)
ВЫСПРАШИВАТЬ	114848-N	ПРОПИТАТЬСЯ
ВЫСПРАШИВАТЬ	111062-N	НАМАЗ
ВЫТАПТЫВАТЬ	110917-N	ВЫТАЩИТЬ НАРУЖУ
ВЫТАПТЫВАТЬ	130352-N	ВЫВОЛОЧЬ НАРУЖУ
ВЫТАПТЫВАТЬ	113672-N	ВЫЛОМАТЬ
ВЫТАПТЫВАТЬ	130547-N	ВЫТЕРЕТЬСЯ ОТ НОСКИ
ВЫТАПТЫВАТЬ	111702-N	СЛЕДИТЬ, ОСТАВЛЯТЬ СЛЕДЫ
ВЫТАПТЫВАТЬ	118540-N	НАДУТЬ (НАНЕСТИ)
ВЫТАПТЫВАТЬ	130455-N	ВЫНОСИТЬ МЫСЛЬ
ВЫТАПТЫВАТЬ	143192-N	ВЫМАНИТЬ НАРУЖУ
ВЫТАПТЫВАТЬ	120943-N	НАТАСКАТЬ (ПОВЕРХНОСТНО НАУЧИТЬ)
ВЫТАПТЫВАТЬ	118139-N	ВЫБОЛТАТЬ
ВЫЧЕРПЫВАТЬ	112165-N	ИСЧЕРПАТЬ (ИЗРАСХОДОВАТЬ ПОЛНОСТЬЮ)
ВЫЧЕРПЫВАТЬ	130547-N	ВЫТЕРЕТЬСЯ ОТ НОСКИ
ВЫЧЕРПЫВАТЬ	113672-N	ВЫЛОМАТЬ
ВЫЧЕРПЫВАТЬ	111874-N	ВЫКУРИТЬ НАРУЖУ
ВЫЧЕРПЫВАТЬ	143192-N	ВЫМАНИТЬ НАРУЖУ
ВЫЧЕРПЫВАТЬ	110917-N	ВЫТАЩИТЬ НАРУЖУ
ВЫЧЕРПЫВАТЬ	110908-N	УДАЛИТЬ НАРУЖУ
ВЫЧЕРПЫВАТЬ	113501-N	РАСТОПТАТЬ (УНИЧТОЖИТЬ)
ВЫЧЕРПЫВАТЬ	111867-N	ВЫЛИЗАТЬ (ОЧИСТИТЬ)
ВЫЧЕРПЫВАТЬ	116836-N	ДАВИТЬ НАСЕКОМЫХ
ВЯЛИТЬ	120389-N	НАНИЗАТЬ (НАДЕТЬ)
ВЯЛИТЬ	118540-N	НАДУТЬ (НАНЕСТИ)
ВЯЛИТЬ	108586-N	ВАНИЛЬ
ВЯЛИТЬ	132736-N	НАВЕСИТЬ (НАДЕТЬ)
ВЯЛИТЬ	111031-N	ВАЛИТЬСЯ
ВЯЛИТЬ	118288-N	НАВОДНИТЬ
ВЯЛИТЬ	118053-N	ВАННА (МЫТЬЕ)
ВЯЛИТЬ	107559-N	НАСЫПЬ
ВЯЛИТЬ	124784-N	НАЛЕЧЬ, НАВАЛИТЬСЯ
ВЯЛИТЬ	117962-N	НАВЫК
ГАТИТЬ	116045-N	НАКАТИТЬ (ПОМЕСТИТЬ)
ГАТИТЬ	120389-N	НАНИЗАТЬ (НАДЕТЬ)
ГАТИТЬ	104882-N	НАНТ
ГАТИТЬ	118540-N	НАДУТЬ (НАНЕСТИ)
ГАТИТЬ	112932-N	НАГАН
ГАТИТЬ	118059-N	КАТАТЬ (ВОЗИТЬ)
ГАТИТЬ	115620-N	ШАТАТЬ
ГАТИТЬ	120943-N	НАТАСКАТЬ (ПОВЕРХНОСТНО НАУЧИТЬ)
ГАТИТЬ	115287-N	ЗАГНАТЬ ВНУТРЬ
ГАТИТЬ	137386-N	БРАТЬ ВО ВНИМАНИЕ
ГИПЕРТРОФИРОВАТЬ	131608-N	ЗАТОПТАТЬ В ДАВКЕ
ГИПЕРТРОФИРОВАТЬ	115742-N	ПЕРФОРИРОВАТЬ
ГИПЕРТРОФИРОВАТЬ	135738-N	ГИДРОМЕЛИОРАЦИЯ
ГИПЕРТРОФИРОВАТЬ	127068-N	НАКИПЬ (ПЕНА)
ГИПЕРТРОФИРОВАТЬ	111813-N	ПЕРЕСПРОСИТЬ
ГИПЕРТРОФИРОВАТЬ	140556-N	ПЕРЕГРУППИРОВАТЬ
ГИПЕРТРОФИРОВАТЬ	124515-N	ГОФРИРОВАТЬ
ГИПЕРТРОФИРОВАТЬ	146224-N	ЦЕНТРИФУГИРОВАНИЕ
ГИПЕРТРОФИРОВАТЬ	112052-N	ИМПРОВИЗИРОВАТЬ
ГИПЕРТРОФИРОВАТЬ	123980-N	ГИПОФИЗ
ГРУБЕТЬ	111261-N	ГРУБИЯН
ГРУБЕТЬ	129357-N	ГЛУПЕТЬ
ГРУБЕТЬ	116282-N	ГЛУМИТЬСЯ
ГРУБЕТЬ	107181-N	КЛЕВЕТАТЬ
ГРУБЕТЬ	5669-N	ГРЫЗУН
ГРУБЕТЬ	130545-N	ГАРПУН
ГРУБЕТЬ	182-N	ГРУЗОПОТОК
ГРУБЕТЬ	118540-N	НАДУТЬ (НАНЕСТИ)
ГРУБЕТЬ	116249-N	ПРУДИТЬ
ГРУБЕТЬ	111766-N	ПОГРУЗИТЬ (ОПУСТИТЬ)
ДИРЕКТОРСТВОВАТЬ	123566-N	ПРАВИТЬ (РУКОВОДИТЬ)
ДИРЕКТОРСТВОВАТЬ	130165-N	ЦАРСТВОВАТЬ (БЫТЬ ЦАРЕМ)
ДИРЕКТОРСТВОВАТЬ	130166-N	ВСТУПЛЕНИЕ НА ПРЕСТОЛ
ДИРЕКТОРСТВОВАТЬ	144525-N	ДИРЕКЦИЯ
ДИРЕКТОРСТВОВАТЬ	124259-N	НАЧАЛЬСТВЕННЫЙ
ДИРЕКТОРСТВОВАТЬ	116961-N	ДИРИЖИРОВАТЬ
ДИРЕКТОРСТВОВАТЬ	8781-N	РЕКТОРАТ
ДИРЕКТОРСТВОВАТЬ	7823-N	ГЕНЕРАЛЬНЫЙ ДИРЕКТОР
ДИРЕКТОРСТВОВАТЬ	116981-N	РЕЖИССИРОВАТЬ
ДИРЕКТОРСТВОВАТЬ	110699-N	ДЕЛИТЕЛЬ
ДОКИНУТЬ	116081-N	ВНИКНУТЬ
ДОКИНУТЬ	121319-N	ВЖИТЬСЯ В ОБРАЗ
ДОКИНУТЬ	118540-N	НАДУТЬ (НАНЕСТИ)
ДОКИНУТЬ	114793-N	ПРИКОСНУТЬСЯ, СЛЕГКА ДОТРОНУТЬСЯ
ДОКИНУТЬ	120389-N	НАНИЗАТЬ (НАДЕТЬ)
ДОКИНУТЬ	111977-N	ПОДОЙТИ БЛИЖЕ
ДОКИНУТЬ	117015-N	НАЕХАТЬ (НАТОЛКНУТЬСЯ)
ДОКИНУТЬ	116045-N	НАКАТИТЬ (ПОМЕСТИТЬ)
ДОКИНУТЬ	104882-N	НАНТ
ДОКИНУТЬ	138424-N	НАЕХАТЬ (ОКАЗЫВАТЬ ДАВЛЕНИЕ)
ДОРАБОТАТЬСЯ	123822-N	ДОРАБОТАТЬ (ПРОДОЛЖИТЬ РАБОТУ ДО КАКОГО-ТО ВРЕМЕНИ, СРОКА)
ДОРАБОТАТЬСЯ	116361-N	СРАБОТАТЬСЯ (ИЗНОСИТЬСЯ)
ДОРАБОТАТЬСЯ	120389-N	НАНИЗАТЬ (НАДЕТЬ)
ДОРАБОТАТЬСЯ	118540-N	НАДУТЬ (НАНЕСТИ)
ДОРАБОТАТЬСЯ	117015-N	НАЕХАТЬ (НАТОЛКНУТЬСЯ)
ДОРАБОТАТЬСЯ	123506-N	ОТРАБОТАТЬ (УПРАЖНЯЯСЬ, УСВОИТЬ)
ДОРАБОТАТЬСЯ	111114-N	НАКАЛИТЬСЯ, РАСКАЛИТЬСЯ
ДОРАБОТАТЬСЯ	124577-N	ЗАНЯТЬ, ДАТЬ ЗАНЯТИЕ
ДОРАБОТАТЬСЯ	104882-N	НАНТ
ДОРАБОТАТЬСЯ	124784-N	НАЛЕЧЬ, НАВАЛИТЬСЯ
ДОТЕЧЬ	116562-N	ОТТЕЧЬ
ДОТЕЧЬ	118540-N	НАДУТЬ (НАНЕСТИ)
ДОТЕЧЬ	120389-N	НАНИЗАТЬ (НАДЕТЬ)
ДОТЕЧЬ	110333-N	ДОНКА
ДОТЕЧЬ	100892-N	ДОНЕЦК
ДОТЕЧЬ	132736-N	НАВЕСИТЬ (НАДЕТЬ)
ДОТЕЧЬ	113655-N	СЛАСТИТЬ
ДОТЕЧЬ	120899-N	ДОДАТЬ
ДОТЕЧЬ	104882-N	НАНТ
ДОТЕЧЬ	127068-N	НАКИПЬ (ПЕНА)
ДРЯХЛЕТЬ	140430-N	РЫХЛЫЙ (ДРЯБЛЫЙ)
ДРЯХЛЕТЬ	111114-N	НАКАЛИТЬСЯ, РАСКАЛИТЬСЯ
ДРЯХЛЕТЬ	118540-N	НАДУТЬ (НАНЕСТИ)
ДРЯХЛЕТЬ	132053-N	КРЯХТЕТЬ (ИЗДАВАТЬ ЗВУКИ)
ДРЯХЛЕТЬ	119358-N	ДЕРЗКИЙ (НЕПОЧТИТЕЛЬНЫЙ)
ДРЯХЛЕТЬ	129276-N	ДЕРГАТЬСЯ (НЕПРОИЗВОЛЬНЫЕ ДВИЖЕНИЯ)
ДРЯХЛЕТЬ	121356-N	ЗАВИХРИТЬСЯ
ДРЯХЛЕТЬ	135652-N	ЧАХЛЫЙ (СЛАБЫЙ)
ДРЯХЛЕТЬ	115823-N	НЮХАТЬ ЗАПАХ
ДРЯХЛЕТЬ	132615-N	МЕРЗЛЫЙ (НЕГОДНЫЙ)
ЗАВЕШАТЬ	131069-N	ЗАВЕСИТЬ (ЗАКРЫТЬ)
ЗАВЕШАТЬ	116168-N	ЗАНАВЕСИТЬ, ЗАКРЫТЬ ЗАНАВЕСКОЙ
ЗАВЕШАТЬ	132736-N	НАВЕСИТЬ (НАДЕТЬ)
ЗАВЕШАТЬ	132740-N	НАВЯЗАТЬ (ЗАСТАВИТЬ ВЗЯТЬ)
ЗАВЕШАТЬ	120389-N	НАНИЗАТЬ (НАДЕТЬ)
ЗАВЕШАТЬ	113351-N	ВЫВЕСИТЬ (ПРОВЕРИТЬ)
ЗАВЕШАТЬ	143878-N	НАВЯЗАТЬ (ЗАСТАВИТЬ ПРИНЯТЬ)
ЗАВЕШАТЬ	118540-N	НАДУТЬ (НАНЕСТИ)
ЗАВЕШАТЬ	130347-N	ВЫВЕСИТЬ ДЛЯ ОБОЗРЕНИЯ
ЗАВЕШАТЬ	114880-N	ОБВЕСИТЬ (НЕДОВЕСИТЬ)
ЗАГОВОРИТЬСЯ	107522-N	ПОГОВОРКА
ЗАГОВОРИТЬСЯ	108621-N	ПРИБАУТКА
ЗАГОВОРИТЬСЯ	143591-N	РАЗГОВОРНЫЙ ЖАНР
ЗАГОВОРИТЬСЯ	137945-N	ЗАГОВОРИТЬ (ЗАКОЛДОВАТЬ)
ЗАГОВОРИТЬСЯ	107181-N	КЛЕВЕТАТЬ
ЗАГОВОРИТЬСЯ	148209-N	НАНАЙСКИЙ ЯЗЫК
ЗАГОВОРИТЬСЯ	124610-N	РАЗМОЛВКА (НЕБОЛЬШАЯ ССОРА)
ЗАГОВОРИТЬСЯ	111114-N	НАКАЛИТЬСЯ, РАСКАЛИТЬСЯ
ЗАГОВОРИТЬСЯ	117793-N	НАЗВАТЬ (ПРОИЗНЕСТИ)
ЗАГОВОРИТЬСЯ	132930-N	НЕМЕТЬ, ЛИШИТЬСЯ РЕЧИ
ЗАДАРИТЬ	9616-N	ДАРИТЕЛЬ
ЗАДАРИТЬ	133734-N	ПОДАТЬ В РУКИ
ЗАДАРИТЬ	120389-N	НАНИЗАТЬ (НАДЕТЬ)
ЗАДАРИТЬ	117583-N	СДАТЬ СДАЧУ
ЗАДАРИТЬ	135851-N	ПРИДАТЬ СВОЙСТВО
ЗАДАРИТЬ	118206-N	ПОДАВИТЬ (ПОДЧИНИТЬ)
ЗАДАРИТЬ	118540-N	НАДУТЬ (НАНЕСТИ)
ЗАДАРИТЬ	120899-N	ДОДАТЬ
ЗАДАРИТЬ	7830-N	ДАРЕНИЕ
ЗАДАРИТЬ	113655-N	СЛАСТИТЬ
ЗАЛИЗАТЬ	120389-N	НАНИЗАТЬ (НАДЕТЬ)
ЗАЛИЗАТЬ	115869-N	ЗАСУНУТЬ
ЗАЛИЗАТЬ	132740-N	НАВЯЗАТЬ (ЗАСТАВИТЬ ВЗЯТЬ)
ЗАЛИЗАТЬ	143878-N	НАВЯЗАТЬ (ЗАСТАВИТЬ ПРИНЯТЬ)
ЗАЛИЗАТЬ	117870-N	ПРИТАИТЬСЯ
ЗАЛИЗАТЬ	111702-N	СЛЕДИТЬ, ОСТАВЛЯТЬ СЛЕДЫ
ЗАЛИЗАТЬ	140441-N	БРАТЬ С СОБОЙ
ЗАЛИЗАТЬ	126181-N	ЗАДРАИТЬ (НАГЛУХО ЗАКРЫТЬ)
ЗАЛИЗАТЬ	115287-N	ЗАГНАТЬ ВНУТРЬ
ЗАЛИЗАТЬ	116596-N	ЗАДЕРЖАТЬСЯ НА ОДНОМ МЕСТЕ
ЗАМАЛИВАТЬ	111031-N	ВАЛИТЬСЯ
ЗАМАЛИВАТЬ	117225-N	ОБРУШИТЬСЯ, ОБВАЛИТЬСЯ
ЗАМАЛИВАТЬ	118428-N	ОБЛОМИТЬСЯ (СЛОМАТЬСЯ, ОБРУШИТЬСЯ)
ЗАМАЛИВАТЬ	133078-N	ОБЛОМАТЬСЯ ПО КРАЯМ
ЗАМАЛИВАТЬ	120389-N	НАНИЗАТЬ (НАДЕТЬ)
ЗАМАЛИВАТЬ	111999-N	ЗАМОТАТЬ (ЗАКРУТИТЬ)
ЗАМАЛИВАТЬ	116129-N	ЗАВАЛИТЬСЯ (УПАСТЬ ЗА)
ЗАМАЛИВАТЬ	143192-N	ВЫМАНИТЬ НАРУЖУ
ЗАМАЛИВАТЬ	118540-N	НАДУТЬ (НАНЕСТИ)
ЗАМАЛИВАТЬ	131342-N	ЗАМЕДЛИТЬ
ЗАМОЛИТЬ	107345-N	МОЛИТЬ
ЗАМОЛИТЬ	117624-N	ВЫМОЛИТЬ (ВЫПРОСИТЬ МОЛЬБАМИ)
ЗАМОЛИТЬ	111062-N	НАМАЗ
ЗАМОЛИТЬ	120349-N	НАСЕСТЬ С ПРОСЬБОЙ
ЗАМОЛИТЬ	119798-N	ЗАЗВАТЬ
ЗАМОЛИТЬ	107344-N	ПРОСИТЬ, ОБРАЩАТЬСЯ С ПРОСЬБОЙ
ЗАМОЛИТЬ	116735-N	ВЫПРОСИТЬ
ЗАМОЛИТЬ	114848-N	ПРОПИТАТЬСЯ
ЗАМОЛИТЬ	116738-N	ЗАПРОСИТЬ (ЗАТРЕБОВАТЬ)
ЗАМОЛИТЬ	111066-N	НАКЛОНИТЬСЯ, СКЛОНИТЬСЯ
ЗАПРОКИДЫВАТЬ	121005-N	ОТКИНУТЬ (ОТКЛОНИТЬ НАЗАД)
ЗАПРОКИДЫВАТЬ	111813-N	ПЕРЕСПРОСИТЬ
ЗАПРОКИДЫВАТЬ	118493-N	ПРЕКЛОНИТЬ
ЗАПРОКИДЫВАТЬ	150471-N	ЗАКИДАТЬ (ОБРАТИТЬСЯ)
ЗАПРОКИДЫВАТЬ	118866-N	ПРОПУСТИТЬ ВОЗМОЖНОСТЬ
ЗАПРОКИДЫВАТЬ	116061-N	ПРЕПРОВОДИТЬ
ЗАПРОКИДЫВАТЬ	115083-N	ПЕРЕКРИЧАТЬ
ЗАПРОКИДЫВАТЬ	111035-N	ОПРОКИНУТЬ (ПЕРЕВЕРНУТЬ ИЛИ ПОВАЛИТЬ)
ЗАПРОКИДЫВАТЬ	111066-N	НАКЛОНИТЬСЯ, СКЛОНИТЬСЯ
ЗАПРОКИДЫВАТЬ	134232-N	ПРОСКОЛЬЗНУТЬ, ПРОШМЫГНУТЬ
ЗАРАБОТАТЬСЯ	4699-N	НЕТРУДОВЫЕ ДОХОДЫ
ЗАРАБОТАТЬСЯ	150688-N	ИНВЕСТИЦИОННЫЙ ДОХОД
ЗАРАБОТАТЬСЯ	2011-N	РЕНТА
ЗАРАБОТАТЬСЯ	9046-N	ПОЖИЗНЕННОЕ СОДЕРЖАНИЕ
ЗАРАБОТАТЬСЯ	116538-N	ЗАРАБОТАТЬ (ПРИОБРЕСТИ РАБОТОЙ, ТРУДОМ)
ЗАРАБОТАТЬСЯ	133711-N	ПОПЛАТИТЬСЯ
ЗАРАБОТАТЬСЯ	130497-N	ВЫРУЧИТЬ ДЕНЬГИ
ЗАРАБОТАТЬСЯ	120389-N	НАНИЗАТЬ (НАДЕТЬ)
ЗАРАБОТАТЬСЯ	116361-N	СРАБОТАТЬСЯ (ИЗНОСИТЬСЯ)
ЗАРАБОТАТЬСЯ	4396-N	ТРУДОВОЙ ДОХОД
ЗАРЕШЕТИТЬ	103889-N	НАЗАРЕТ
ЗАРЕШЕТИТЬ	120389-N	НАНИЗАТЬ (НАДЕТЬ)
ЗАРЕШЕТИТЬ	128431-N	ОБЕЗВРЕДИТЬ
ЗАРЕШЕТИТЬ	151497-N	ЗАКРЫТЬ ДОСТУП
ЗАРЕШЕТИТЬ	140441-N	БРАТЬ С СОБОЙ
ЗАРЕШЕТИТЬ	126181-N	ЗАДРАИТЬ (НАГЛУХО ЗАКРЫТЬ)
ЗАРЕШЕТИТЬ	118540-N	НАДУТЬ (НАНЕСТИ)
ЗАРЕШЕТИТЬ	117661-N	ЗВЕРЕТЬ
ЗАРЕШЕТИТЬ	106938-N	ПЕРЕМЕСТИТЬ
ЗАРЕШЕТИТЬ	113655-N	СЛАСТИТЬ
ЗАСТУДИТЬ	114819-N	ПРИУЧИТЬ
ЗАСТУДИТЬ	138220-N	ПРИОБЩИТЬ (ВОВЛЕЧЬ, ПОЗНАКОМИТЬ)
ЗАСТУДИТЬ	118540-N	НАДУТЬ (НАНЕСТИ)
ЗАСТУДИТЬ	120389-N	НАНИЗАТЬ (НАДЕТЬ)
ЗАСТУДИТЬ	120943-N	НАТАСКАТЬ (ПОВЕРХНОСТНО НАУЧИТЬ)
ЗАСТУДИТЬ	137386-N	БРАТЬ ВО ВНИМАНИЕ
ЗАСТУДИТЬ	117532-N	НАСТОЯТЬ НА СВОЕМ МНЕНИИ
ЗАСТУДИТЬ	111066-N	НАКЛОНИТЬСЯ, СКЛОНИТЬСЯ
ЗАСТУДИТЬ	114820-N	ПРИУЧИТЬСЯ
ЗАСТУДИТЬ	111090-N	НАКЛОНИТЬ, СКЛОНИТЬ
ЗАЧИТАТЬСЯ	110444-N	ЧИТАТЬ (ИСПОЛНЯТЬ)
ЗАЧИТАТЬСЯ	143218-N	ДЕКЛАМИРОВАТЬ (ЧИТАТЬ)
ЗАЧИТАТЬСЯ	131632-N	ЗАЧИТАТЬ (ИСТРЕПАТЬ)
ЗАЧИТАТЬСЯ	120389-N	НАНИЗАТЬ (НАДЕТЬ)
ЗАЧИТАТЬСЯ	137386-N	БРАТЬ ВО ВНИМАНИЕ
ЗАЧИТАТЬСЯ	125905-N	ВЫЧИТАТЬ ИЗ ТЕКСТА
ЗАЧИТАТЬСЯ	119737-N	СЧИТАТЬ ПО ПОРЯДКУ
ЗАЧИТАТЬСЯ	150364-N	ПЕРЕЧИТАТЬ ВСЕ, ЧТО ЕСТЬ
ЗАЧИТАТЬСЯ	153899-N	ПРОЧТЕНИЕ (ИНТЕРПРЕТАЦИЯ)
ЗАЧИТАТЬСЯ	117132-N	ПРИЧИТАТЬ (ПРИГОВАРИВАТЬ)
ЗЛОБСТВОВАТЬ	131680-N	ЗЛОСЛОВИТЬ
ЗЛОБСТВОВАТЬ	130868-N	ЗЛЕТЬ, ОЗЛОБИТЬСЯ
ЗЛОБСТВОВАТЬ	129807-N	ВЗНУЗДАТЬ ЛОШАДЬ
ЗЛОБСТВОВАТЬ	139455-N	ЗЛОНАМЕРЕННЫЙ
ЗЛОБСТВОВАТЬ	115752-N	ЖАЛОВАТЬСЯ (ВЫСКАЗЫВАТЬ НЕУДОВОЛЬСТВИЕ)
ЗЛОБСТВОВАТЬ	116683-N	НЕПРИЯТНЫЙ (НЕ НРАВЯЩИЙСЯ)
ЗЛОБСТВОВАТЬ	151770-N	ПРЕДНАМЕРЕННО ВРЕДИТЬ
ЗЛОБСТВОВАТЬ	120799-N	ПРОЩУПАТЬ, НАЩУПАТЬ
ЗЛОБСТВОВАТЬ	118046-N	НАРУШИТЬСЯ
ЗЛОБСТВОВАТЬ	115753-N	ЖАЛОБА (ВЫСКАЗЫВАНИЕ НЕУДОВОЛЬСТВИЯ)
ИЗВЕДАТЬ	104581-N	ПОЗНАНЬ
ИЗВЕДАТЬ	117369-N	УЗНАТЬ ЗНАКОМОЕ
ИЗВЕДАТЬ	120389-N	НАНИЗАТЬ (НАДЕТЬ)
ИЗВЕДАТЬ	120943-N	НАТАСКАТЬ (ПОВЕРХНОСТНО НАУЧИТЬ)
ИЗВЕДАТЬ	137386-N	БРАТЬ ВО ВНИМАНИЕ
ИЗВЕДАТЬ	105543-N	НАЗРАНЬ
ИЗВЕДАТЬ	118540-N	НАДУТЬ (НАНЕСТИ)
ИЗВЕДАТЬ	130169-N	ВПИТАТЬ ИНФОРМАЦИЮ
ИЗВЕДАТЬ	112932-N	НАГАН
ИЗВЕДАТЬ	131132-N	ЗАГАДАТЬ ЗАГАДКУ
ИНКОРПОРИРОВАТЬ	117817-N	ВКЛИНИТЬ
ИНКОРПОРИРОВАТЬ	115486-N	ВКЛЮЧИТЬ В СОСТАВ
ИНКОРПОРИРОВАТЬ	116858-N	УВЕЗТИ С СОБОЙ
ИНКОРПОРИРОВАТЬ	116081-N	ВНИКНУТЬ
ИНКОРПОРИРОВАТЬ	115287-N	ЗАГНАТЬ ВНУТРЬ
ИНКОРПОРИРОВАТЬ	106557-N	СОЕДИНИТЬ В ОДНО ЦЕЛОЕ
ИНКОРПОРИРОВАТЬ	110813-N	ВЛОЖИТЬ ВНУТРЬ
ИНКОРПОРИРОВАТЬ	125640-N	ВНЕДРИТЬ (ВВЕСТИ, УКРЕПИТЬ В ЧЕМ-Н.)
ИНКОРПОРИРОВАТЬ	112311-N	ВКЛЕИТЬ
ИНКОРПОРИРОВАТЬ	129715-N	ВВЕРГНУТЬ В СОСТОЯНИЕ
ИСПОЛОСОВАТЬ	130352-N	ВЫВОЛОЧЬ НАРУЖУ
ИСПОЛОСОВАТЬ	115883-N	РАЗГЛАГОЛЬСТВОВАТЬ
ИСПОЛОСОВАТЬ	111114-N	НАКАЛИТЬСЯ, РАСКАЛИТЬСЯ
ИСПОЛОСОВАТЬ	114568-N	ВПРЫСНУТЬ
ИСПОЛОСОВАТЬ	130469-N	РАСПУТАТЬ СПУТАННОЕ
ИСПОЛОСОВАТЬ	111813-N	ПЕРЕСПРОСИТЬ
ИСПОЛОСОВАТЬ	152521-N	ОТЛОЖИТЬ ПРО ЗАПАС
ИСПОЛОСОВАТЬ	110917-N	ВЫТАЩИТЬ НАРУЖУ
ИСПОЛОСОВАТЬ	123460-N	ВДАТЬСЯ В РАССУЖДЕНИЯ
ИСПОЛОСОВАТЬ	120822-N	СНЕСТИ (С СИЛОЙ СБРОСИТЬ)
ИСЦАРАПАТЬ	125900-N	ВЫЦАРАПАТЬ (ВЫРВАТЬ)
ИСЦАРАПАТЬ	119494-N	НАЦАРАПАТЬ (ИЗОБРАЗИТЬ)
ИСЦАРАПАТЬ	125902-N	ВЫЦАРАПАТЬ С ТРУДОМ
ИСЦАРАПАТЬ	131836-N	ИЗЪЕСТЬ (ИСПОРТИТЬ)
ИСЦАРАПАТЬ	129004-N	ИСКРИВИТЬ (ИЗОГНУТЬ)
ИСЦАРАПАТЬ	131792-N	ИСКУПИТЬ ВИНУ
ИСЦАРАПАТЬ	110917-N	ВЫТАЩИТЬ НАРУЖУ
ИСЦАРАПАТЬ	116349-N	РАСПАХНУТЬ
ИСЦАРАПАТЬ	130547-N	ВЫТЕРЕТЬСЯ ОТ НОСКИ
ИСЦАРАПАТЬ	113672-N	ВЫЛОМАТЬ
КАРКАТЬ	110934-N	КАРАТ
КАРКАТЬ	103913-N	КАРНАТАКА
КАРКАТЬ	108757-N	КАРЕТА
КАРКАТЬ	136463-N	КАРПАТЫ
КАРКАТЬ	116045-N	НАКАТИТЬ (ПОМЕСТИТЬ)
КАРКАТЬ	103079-N	КАРТАЛЫ
КАРКАТЬ	118514-N	КАРТЕЧЬ
КАРКАТЬ	5708-N	КАРТОН
КАРКАТЬ	109296-N	КАТАР
КАРКАТЬ	108319-N	КАРАСЬ
КАТАЛОГИЗИРОВАТЬ	107074-N	КАТАЛОГ
КАТАЛОГИЗИРОВАТЬ	120139-N	КЛАССИФИЦИРОВАТЬ
КАТАЛОГИЗИРОВАТЬ	107129-N	СИСТЕМАТИЗИРОВАТЬ
КАТАЛОГИЗИРОВАТЬ	111090-N	НАКЛОНИТЬ, СКЛОНИТЬ
КАТАЛОГИЗИРОВАТЬ	116045-N	НАКАТИТЬ (ПОМЕСТИТЬ)
КАТАЛОГИЗИРОВАТЬ	131393-N	ЗАЛОЖИТЬ ЗАКЛАДКУ
КАТАЛОГИЗИРОВАТЬ	120389-N	НАНИЗАТЬ (НАДЕТЬ)
КАТАЛОГИЗИРОВАТЬ	118416-N	СКЛАДИРОВАТЬ
КАТАЛОГИЗИРОВАТЬ	141461-N	МАТЕРИАЛИЗОВАТЬСЯ
КАТАЛОГИЗИРОВАТЬ	142583-N	НАЛАДИТЬ (ХОРОШО ОРГАНИЗОВАТЬ)
КНЯЖИТЬ	9543-N	КНЯЖЕСТВО
КНЯЖИТЬ	103825-N	МОНАКО
КНЯЖИТЬ	110608-N	КНЯЗЬ (ТИТУЛ)
КНЯЖИТЬ	120389-N	НАНИЗАТЬ (НАДЕТЬ)
КНЯЖИТЬ	140446-N	КНЯЖЕСКАЯ ДРУЖИНА
КНЯЖИТЬ	104882-N	НАНТ
КНЯЖИТЬ	112932-N	НАГАН
КНЯЖИТЬ	103113-N	НЕЖИН
КНЯЖИТЬ	2812-N	КОРОЛЕВСТВО
КНЯЖИТЬ	118038-N	ПОДЧИНИТЬ СВОЕЙ ВЛАСТИ
КОМПОСТИРОВАТЬ	120740-N	КОМПОНОВАТЬ
КОМПОСТИРОВАТЬ	5245-N	КОМПОСТ
КОМПОСТИРОВАТЬ	113308-N	КОМПОТ
КОМПОСТИРОВАТЬ	115234-N	СЛОЖИТЬ В ОДНОМ МЕСТЕ
КОМПОСТИРОВАТЬ	112078-N	СОСТАВИТЬ (СОБРАВ СОЕДИНИТЬ)
КОМПОСТИРОВАТЬ	109705-N	СМЕШИВАТЬ (СОЕДИНЯТЬ)
КОМПОСТИРОВАТЬ	120237-N	СМЕШАТЬСЯ В ОДНО ЦЕЛОЕ
КОМПОСТИРОВАТЬ	110049-N	КОМБИНИРОВАТЬ (СОЕДИНЯТЬ)
КОМПОСТИРОВАТЬ	118103-N	ВМЕШАТЬ, ПОДМЕШАТЬ
КОМПОСТИРОВАТЬ	108613-N	КОМБИНЕЗОН
КООПЕРИРОВАТЬСЯ	106557-N	СОЕДИНИТЬ В ОДНО ЦЕЛОЕ
КООПЕРИРОВАТЬСЯ	109165-N	ЗАСТЕГНУТЬ
КООПЕРИРОВАТЬСЯ	111484-N	СОЕДИНИТЬСЯ В ОДНО ЦЕЛОЕ
КООПЕРИРОВАТЬСЯ	131973-N	КООПЕРАТИВ
КООПЕРИРОВАТЬСЯ	107533-N	ОБЪЕДИНИТЬ В ЕДИНОЕ ЦЕЛОЕ
КООПЕРИРОВАТЬСЯ	131974-N	КООПЕРАТОР
КООПЕРИРОВАТЬСЯ	110049-N	КОМБИНИРОВАТЬ (СОЕДИНЯТЬ)
КООПЕРИРОВАТЬСЯ	123608-N	СЪЕДОБНЫЙ
КООПЕРИРОВАТЬСЯ	121354-N	ВОССОЕДИНИТЬ
КООПЕРИРОВАТЬСЯ	115698-N	СОБРАТЬСЯ В ОДНОМ МЕСТЕ
КРИВИТЬ	129004-N	ИСКРИВИТЬ (ИЗОГНУТЬ)
КРИВИТЬ	140830-N	СТАПТЫВАНИЕ ОБУВИ
КРИВИТЬ	119338-N	КРИВОЙ (ИЗОГНУТЫЙ)
КРИВИТЬ	126523-N	КРИВЛЯТЬСЯ, ЛОМАТЬСЯ
КРИВИТЬ	116564-N	СБРЫЗНУТЬ
КРИВИТЬ	136003-N	КРИКЕТ
КРИВИТЬ	6115-N	БРИФИНГ
КРИВИТЬ	103768-N	КРИТ
КРИВИТЬ	110807-N	ПРИВИНТИТЬ
КРИВИТЬ	120389-N	НАНИЗАТЬ (НАДЕТЬ)
КРОНИРОВАТЬ	103790-N	КРОНА, ДАТСКАЯ
КРОНИРОВАТЬ	117399-N	БРОНИРОВАТЬ (ПОКРЫТЬ БРОНЕЙ)
КРОНИРОВАТЬ	135033-N	КЛОН
КРОНИРОВАТЬ	111066-N	НАКЛОНИТЬСЯ, СКЛОНИТЬСЯ
КРОНИРОВАТЬ	102583-N	КРОНШТАДТ
КРОНИРОВАТЬ	125462-N	БРОНИРОВАТЬ (ЗАКРЕПИТЬ)
КРОНИРОВАТЬ	118381-N	КРОШИТЬСЯ
КРОНИРОВАТЬ	111090-N	НАКЛОНИТЬ, СКЛОНИТЬ
КРОНИРОВАТЬ	139779-N	УКОРЕНИТЬ РАСТЕНИЕ
КРОНИРОВАТЬ	119085-N	КОРОБИТЬСЯ
КУДАХТАТЬ	120389-N	НАНИЗАТЬ (НАДЕТЬ)
КУДАХТАТЬ	116045-N	НАКАТИТЬ (ПОМЕСТИТЬ)
КУДАХТАТЬ	140441-N	БРАТЬ С СОБОЙ
КУДАХТАТЬ	118540-N	НАДУТЬ (НАНЕСТИ)
КУДАХТАТЬ	119014-N	БАРАХТАТЬСЯ
КУДАХТАТЬ	110917-N	ВЫТАЩИТЬ НАРУЖУ
КУДАХТАТЬ	117015-N	НАЕХАТЬ (НАТОЛКНУТЬСЯ)
КУДАХТАТЬ	111702-N	СЛЕДИТЬ, ОСТАВЛЯТЬ СЛЕДЫ
КУДАХТАТЬ	117497-N	НАЛЕТЕТЬ В БОЛЬШОМ КОЛИЧЕСТВЕ
КУДАХТАТЬ	104882-N	НАНТ
ЛАЙКНУТЬ	121327-N	НАКЛЕЙКА
ЛАЙКНУТЬ	112118-N	ЯРЛЫК
ЛАЙКНУТЬ	8723-N	ЦЕННИК
ЛАЙКНУТЬ	116312-N	СОСЛАТЬСЯ
ЛАЙКНУТЬ	124784-N	НАЛЕЧЬ, НАВАЛИТЬСЯ
ЛАЙКНУТЬ	112932-N	НАГАН
ЛАЙКНУТЬ	120389-N	НАНИЗАТЬ (НАДЕТЬ)
ЛАЙКНУТЬ	105543-N	НАЗРАНЬ
ЛАЙКНУТЬ	118540-N	НАДУТЬ (НАНЕСТИ)
ЛАЙКНУТЬ	104882-N	НАНТ
ЛЕГИРОВАТЬ	124784-N	НАЛЕЧЬ, НАВАЛИТЬСЯ
ЛЕГИРОВАТЬ	118895-N	СГЛАДИТЬ СИТУАЦИЮ
ЛЕГИРОВАТЬ	117993-N	РАЗГЛАДИТЬ
ЛЕГИРОВАТЬ	151864-N	УЛОЖИТЬ, ЗАСТАВИТЬ ЛЕЧЬ
ЛЕГИРОВАТЬ	116159-N	СГЛАДИТЬ (ВЫРОВНЯТЬ)
ЛЕГИРОВАТЬ	120389-N	НАНИЗАТЬ (НАДЕТЬ)
ЛЕГИРОВАТЬ	141589-N	ТРЕТИРОВАТЬ
ЛЕГИРОВАТЬ	115883-N	РАЗГЛАГОЛЬСТВОВАТЬ
ЛЕГИРОВАТЬ	134419-N	РАЗРЕГУЛИРОВАТЬСЯ
ЛЕГИРОВАТЬ	117826-N	УВЛАЖНИТЬ
ЛОСНИТЬСЯ	127554-N	ЛЫСЕТЬ, ТЕРЯТЬ ВОЛОСЫ
ЛОСНИТЬСЯ	117147-N	БРОСИТЬСЯ ВНИЗ
ЛОСНИТЬСЯ	149602-N	УТРАТИТЬ СВОЙСТВО
ЛОСНИТЬСЯ	118381-N	КРОШИТЬСЯ
ЛОСНИТЬСЯ	130547-N	ВЫТЕРЕТЬСЯ ОТ НОСКИ
ЛОСНИТЬСЯ	129807-N	ВЗНУЗДАТЬ ЛОШАДЬ
ЛОСНИТЬСЯ	120389-N	НАНИЗАТЬ (НАДЕТЬ)
ЛОСНИТЬСЯ	111114-N	НАКАЛИТЬСЯ, РАСКАЛИТЬСЯ
ЛОСНИТЬСЯ	113655-N	СЛАСТИТЬ
ЛОСНИТЬСЯ	116388-N	УТРАТИТЬ
ЛЬГОТИРОВАТЬ	115883-N	РАЗГЛАГОЛЬСТВОВАТЬ
ЛЬГОТИРОВАТЬ	130058-N	ОРАТОРСТВОВАТЬ (ВЫСТУПАТЬ С РЕЧЬЮ)
ЛЬГОТИРОВАТЬ	128639-N	ОСЛАБИТЬ НАТЯЖЕНИЕ
ЛЬГОТИРОВАТЬ	134419-N	РАЗРЕГУЛИРОВАТЬСЯ
ЛЬГОТИРОВАТЬ	1983-N	ЛЬГОТНАЯ СТАВКА
ЛЬГОТИРОВАТЬ	115874-N	ПОДСУНУТЬ НЕЗАМЕТНО
ЛЬГОТИРОВАТЬ	118894-N	СМЯГЧИТЬ (ОСЛАБИТЬ)
ЛЬГОТИРОВАТЬ	143921-N	ЛИШЕНИЕ ПРАВА
ЛЬГОТИРОВАТЬ	120389-N	НАНИЗАТЬ (НАДЕТЬ)
ЛЬГОТИРОВАТЬ	120799-N	ПРОЩУПАТЬ, НАЩУПАТЬ
ЛЯЗГАТЬ	119975-N	ШЛЕПАТЬ НОГАМИ
ЛЯЗГАТЬ	124784-N	НАЛЕЧЬ, НАВАЛИТЬСЯ
ЛЯЗГАТЬ	120389-N	НАНИЗАТЬ (НАДЕТЬ)
ЛЯЗГАТЬ	123775-N	НАЛАДИТЬСЯ, ПОЙТИ НА ЛАД
ЛЯЗГАТЬ	112932-N	НАГАН
ЛЯЗГАТЬ	115157-N	СКАТИТЬ ВНИЗ
ЛЯЗГАТЬ	114877-N	ЛЕЗТЬ (КАРАБКАЯСЬ ПОДНИМАТЬСЯ, ПРОНИКАТЬ КУДА-Л)
ЛЯЗГАТЬ	116564-N	СБРЫЗНУТЬ
ЛЯЗГАТЬ	116045-N	НАКАТИТЬ (ПОМЕСТИТЬ)
ЛЯЗГАТЬ	111193-N	ТОПТАТЬ НОГАМИ
МАНКИРОВАТЬ	118540-N	НАДУТЬ (НАНЕСТИ)
МАНКИРОВАТЬ	111457-N	ЗАМАЗАТЬ (ПОКРЫТЬ)
МАНКИРОВАТЬ	116966-N	МУРОВАТЬ
МАНКИРОВАТЬ	146962-N	МАРГИНАЛИЗАЦИЯ
МАНКИРОВАТЬ	119706-N	МУССИРОВАТЬ
МАНКИРОВАТЬ	111874-N	ВЫКУРИТЬ НАРУЖУ
МАНКИРОВАТЬ	120030-N	СКАНДИРОВАТЬ
МАНКИРОВАТЬ	143192-N	ВЫМАНИТЬ НАРУЖУ
МАНКИРОВАТЬ	120389-N	НАНИЗАТЬ (НАДЕТЬ)
МАНКИРОВАТЬ	107176-N	НАСТИЛ (ПОКРЫТИЕ)
МИКШИРОВАТЬ	112819-N	МЕШАТЬ, ПОМЕШИВАТЬ
МИКШИРОВАТЬ	111682-N	ПЕРЕМЕШАТЬ
МИКШИРОВАТЬ	112821-N	МЕСИТЬ
МИКШИРОВАТЬ	109705-N	СМЕШИВАТЬ (СОЕДИНЯТЬ)
МИКШИРОВАТЬ	118103-N	ВМЕШАТЬ, ПОДМЕШАТЬ
МИКШИРОВАТЬ	120237-N	СМЕШАТЬСЯ В ОДНО ЦЕЛОЕ
МИКШИРОВАТЬ	109345-N	МИКСТУРА
МИКШИРОВАТЬ	111607-N	ПРИМЕШАТЬ (ДОБАВИТЬ)
МИКШИРОВАТЬ	117692-N	РАЗМЕШАТЬ
МИКШИРОВАТЬ	120389-N	НАНИЗАТЬ (НАДЕТЬ)
МОЛОДИТЬ	4935-N	МЛАДЕНЕЦ
МОЛОДИТЬ	113175-N	ГРУДНОЙ МЛАДЕНЕЦ
МОЛОДИТЬ	113896-N	НОВОРОЖДЕННЫЙ РЕБЕНОК
МОЛОДИТЬ	101963-N	МОЛОДЕЧНО
МОЛОДИТЬ	114022-N	НЕБОЛЬШОЙ, МАЛЫЙ
МОЛОДИТЬ	115929-N	МОЛОДОСТЬ (ВОЗРАСТ)
МОЛОДИТЬ	145734-N	МОЛОЖАВЫЙ
МОЛОДИТЬ	148520-N	ЗОЛОТАЯ МОЛОДЕЖЬ
МОЛОДИТЬ	145019-N	РОДИТЬ (ДАТЬ НАЧАЛО)
МОЛОДИТЬ	102910-N	КЫЗЫЛ
МОТОРИЗОВАТЬ	5141-N	МОТОРОЛЛЕР
МОТОРИЗОВАТЬ	112001-N	МОТОК
МОТОРИЗОВАТЬ	138424-N	НАЕХАТЬ (ОКАЗЫВАТЬ ДАВЛЕНИЕ)
МОТОРИЗОВАТЬ	134582-N	РОБОТИЗИРОВАТЬ
МОТОРИЗОВАТЬ	129213-N	СТИМУЛИРОВАТЬ, ДАТЬ СТИМУЛ
МОТОРИЗОВАТЬ	141461-N	МАТЕРИАЛИЗОВАТЬСЯ
МОТОРИЗОВАТЬ	111595-N	ПРИДВИНУТЬ
МОТОРИЗОВАТЬ	120389-N	НАНИЗАТЬ (НАДЕТЬ)
МОТОРИЗОВАТЬ	151306-N	МОТЫЛЬ (НАЖИВКА)
МОТОРИЗОВАТЬ	106636-N	УСИЛИТЬ (УВЕЛИЧИТЬ СИЛУ)
МУЛЬЧИРОВАТЬ	116966-N	МУРОВАТЬ
МУЛЬЧИРОВАТЬ	114832-N	ЗАМУРОВАТЬ (ЗАДЕЛАТЬ ОТВЕРСТИЕ)
МУЛЬЧИРОВАТЬ	127033-N	МУЛЯЖ
МУЛЬЧИРОВАТЬ	119706-N	МУССИРОВАТЬ
МУЛЬЧИРОВАТЬ	120701-N	КАТАПУЛЬТИРОВАТЬ
МУЛЬЧИРОВАТЬ	105042-N	МУЛЬДЕ
МУЛЬЧИРОВАТЬ	116282-N	ГЛУМИТЬСЯ
МУЛЬЧИРОВАТЬ	111874-N	ВЫКУРИТЬ НАРУЖУ
МУЛЬЧИРОВАТЬ	111438-N	БАЛЬЗАМИРОВАТЬ
МУЛЬЧИРОВАТЬ	114248-N	НАКОВАЛЬНЯ
МУШТРОВАТЬ	116966-N	МУРОВАТЬ
МУШТРОВАТЬ	114832-N	ЗАМУРОВАТЬ (ЗАДЕЛАТЬ ОТВЕРСТИЕ)
МУШТРОВАТЬ	119706-N	МУССИРОВАТЬ
МУШТРОВАТЬ	118540-N	НАДУТЬ (НАНЕСТИ)
МУШТРОВАТЬ	115967-N	МЫЛИТЬ, НАМЫЛИВАТЬ
МУШТРОВАТЬ	120389-N	НАНИЗАТЬ (НАДЕТЬ)
МУШТРОВАТЬ	120943-N	НАТАСКАТЬ (ПОВЕРХНОСТНО НАУЧИТЬ)
МУШТРОВАТЬ	120799-N	ПРОЩУПАТЬ, НАЩУПАТЬ
МУШТРОВАТЬ	127033-N	МУЛЯЖ
МУШТРОВАТЬ	114638-N	СМОЧИТЬ
НАБЕГАТЬСЯ	107469-N	БЕЖАТЬ (ДВИГАТЬСЯ НА НОГАХ)
НАБЕГАТЬСЯ	139682-N	РАЗБЕЖАТЬСЯ (РАЗОГНАТЬСЯ)
НАБЕГАТЬСЯ	115715-N	ВЫБЕЖАТЬ НАРУЖУ
НАБЕГАТЬСЯ	107468-N	БЕЖАТЬ (БЫСТРО ДВИГАТЬСЯ)
НАБЕГАТЬСЯ	127040-N	НАБЕГ, НАЛЕТ
НАБЕГАТЬСЯ	124784-N	НАЛЕЧЬ, НАВАЛИТЬСЯ
НАБЕГАТЬСЯ	117432-N	ВБЕЖАТЬ ВНУТРЬ
НАБЕГАТЬСЯ	120389-N	НАНИЗАТЬ (НАДЕТЬ)
НАБЕГАТЬСЯ	134137-N	ПРОБЕЖАТЬСЯ (ПРОБЕЖАТЬ НЕМНОГО)
НАБЕГАТЬСЯ	116151-N	ПРОБЕЖАТЬ РАССТОЯНИЕ
НАГУЛЯТЬ	118540-N	НАДУТЬ (НАНЕСТИ)
НАГУЛЯТЬ	124784-N	НАЛЕЧЬ, НАВАЛИТЬСЯ
НАГУЛЯТЬ	111114-N	НАКАЛИТЬСЯ, РАСКАЛИТЬСЯ
НАГУЛЯТЬ	120389-N	НАНИЗАТЬ (НАДЕТЬ)
НАГУЛЯТЬ	118971-N	НАГЛЫЙ
НАГУЛЯТЬ	112932-N	НАГАН
НАГУЛЯТЬ	114248-N	НАКОВАЛЬНЯ
НАГУЛЯТЬ	120943-N	НАТАСКАТЬ (ПОВЕРХНОСТНО НАУЧИТЬ)
НАГУЛЯТЬ	116045-N	НАКАТИТЬ (ПОМЕСТИТЬ)
НАГУЛЯТЬ	117497-N	НАЛЕТЕТЬ В БОЛЬШОМ КОЛИЧЕСТВЕ
НАЕЗДИТЬСЯ	117015-N	НАЕХАТЬ (НАТОЛКНУТЬСЯ)
НАЕЗДИТЬСЯ	147427-N	НАЕЗД ТРАНСПОРТНОГО СРЕДСТВА
НАЕЗДИТЬСЯ	147425-N	НАЕЗД НА ПЕШЕХОДА
НАЕЗДИТЬСЯ	138424-N	НАЕХАТЬ (ОКАЗЫВАТЬ ДАВЛЕНИЕ)
НАЕЗДИТЬСЯ	115526-N	ПРИЕХАТЬ
НАЕЗДИТЬСЯ	124784-N	НАЛЕЧЬ, НАВАЛИТЬСЯ
НАЕЗДИТЬСЯ	131622-N	ЗАЕХАТЬ, ЧТОБЫ ЗАБРАТЬ
НАЕЗДИТЬСЯ	118826-N	ЗАЕХАТЬ НЕНАДОЛГО
НАЕЗДИТЬСЯ	120389-N	НАНИЗАТЬ (НАДЕТЬ)
НАЕЗДИТЬСЯ	118540-N	НАДУТЬ (НАНЕСТИ)
НАКЛИКАТЬ	121327-N	НАКЛЕЙКА
НАКЛИКАТЬ	112118-N	ЯРЛЫК
НАКЛИКАТЬ	8723-N	ЦЕННИК
НАКЛИКАТЬ	111114-N	НАКАЛИТЬСЯ, РАСКАЛИТЬСЯ
НАКЛИКАТЬ	118540-N	НАДУТЬ (НАНЕСТИ)
НАКЛИКАТЬ	124784-N	НАЛЕЧЬ, НАВАЛИТЬСЯ
НАКЛИКАТЬ	120389-N	НАНИЗАТЬ (НАДЕТЬ)
НАКЛИКАТЬ	116045-N	НАКАТИТЬ (ПОМЕСТИТЬ)
НАКЛИКАТЬ	132736-N	НАВЕСИТЬ (НАДЕТЬ)
НАКЛИКАТЬ	111066-N	НАКЛОНИТЬСЯ, СКЛОНИТЬСЯ
НАКРЕНИТЬ	118540-N	НАДУТЬ (НАНЕСТИ)
НАКРЕНИТЬ	111066-N	НАКЛОНИТЬСЯ, СКЛОНИТЬСЯ
НАКРЕНИТЬ	120389-N	НАНИЗАТЬ (НАДЕТЬ)
НАКРЕНИТЬ	116045-N	НАКАТИТЬ (ПОМЕСТИТЬ)
НАКРЕНИТЬ	121327-N	НАКЛЕЙКА
НАКРЕНИТЬ	114248-N	НАКОВАЛЬНЯ
НАКРЕНИТЬ	118317-N	НАНЕСТИ (ОТМЕТИТЬ, НАЧЕРТИТЬ)
НАКРЕНИТЬ	105543-N	НАЗРАНЬ
НАКРЕНИТЬ	127068-N	НАКИПЬ (ПЕНА)
НАКРЕНИТЬ	124784-N	НАЛЕЧЬ, НАВАЛИТЬСЯ
НАЛОВЧИТЬСЯ	117962-N	НАВЫК
НАЛОВЧИТЬСЯ	117961-N	СНОРОВКА
НАЛОВЧИТЬСЯ	124784-N	НАЛЕЧЬ, НАВАЛИТЬСЯ
НАЛОВЧИТЬСЯ	118540-N	НАДУТЬ (НАНЕСТИ)
НАЛОВЧИТЬСЯ	132740-N	НАВЯЗАТЬ (ЗАСТАВИТЬ ВЗЯТЬ)
НАЛОВЧИТЬСЯ	115285-N	ОХВАТИТЬ, ОВЛАДЕТЬ
НАЛОВЧИТЬСЯ	111066-N	НАКЛОНИТЬСЯ, СКЛОНИТЬСЯ
НАЛОВЧИТЬСЯ	111114-N	НАКАЛИТЬСЯ, РАСКАЛИТЬСЯ
НАЛОВЧИТЬСЯ	120943-N	НАТАСКАТЬ (ПОВЕРХНОСТНО НАУЧИТЬ)
НАЛОВЧИТЬСЯ	116045-N	НАКАТИТЬ (ПОМЕСТИТЬ)
НАНЮХАТЬСЯ	115823-N	НЮХАТЬ ЗАПАХ
НАНЮХАТЬСЯ	117964-N	ОБНЮХАТЬ
НАНЮХАТЬСЯ	118540-N	НАДУТЬ (НАНЕСТИ)
НАНЮХАТЬСЯ	124784-N	НАЛЕЧЬ, НАВАЛИТЬСЯ
НАНЮХАТЬСЯ	120389-N	НАНИЗАТЬ (НАДЕТЬ)
НАНЮХАТЬСЯ	117014-N	НАЕСТЬСЯ, НАСЫТИТЬСЯ
НАНЮХАТЬСЯ	111114-N	НАКАЛИТЬСЯ, РАСКАЛИТЬСЯ
НАНЮХАТЬСЯ	111066-N	НАКЛОНИТЬСЯ, СКЛОНИТЬСЯ
НАНЮХАТЬСЯ	117015-N	НАЕХАТЬ (НАТОЛКНУТЬСЯ)
НАНЮХАТЬСЯ	117962-N	НАВЫК
НАСИЖИВАТЬ	118540-N	НАДУТЬ (НАНЕСТИ)
НАСИЖИВАТЬ	120389-N	НАНИЗАТЬ (НАДЕТЬ)
НАСИЖИВАТЬ	124784-N	НАЛЕЧЬ, НАВАЛИТЬСЯ
НАСИЖИВАТЬ	126461-N	НАБИТЬ (НАСАДИТЬ)
НАСИЖИВАТЬ	118110-N	НАСАДИТЬ (НАДЕТЬ, УКРЕПИВ)
НАСИЖИВАТЬ	118288-N	НАВОДНИТЬ
НАСИЖИВАТЬ	117014-N	НАЕСТЬСЯ, НАСЫТИТЬСЯ
НАСИЖИВАТЬ	127068-N	НАКИПЬ (ПЕНА)
НАСИЖИВАТЬ	120943-N	НАТАСКАТЬ (ПОВЕРХНОСТНО НАУЧИТЬ)
НАСИЖИВАТЬ	132740-N	НАВЯЗАТЬ (ЗАСТАВИТЬ ВЗЯТЬ)
НЕВОЛИТЬ	107694-N	ДОПУСТИТЬ (СДЕЛАТЬ НЕВОЛЬНО)
НЕВОЛИТЬ	137472-N	НЕЖЕЛАТЕЛЬНЫЙ (НЕНУЖНЫЙ)
НЕВОЛИТЬ	142129-N	НЕВОЗВРАТ
НЕВОЛИТЬ	127129-N	НЕВОЛЯ, НЕСВОБОДА
НЕВОЛИТЬ	136269-N	НЕРАСТОРОПНЫЙ
НЕВОЛИТЬ	132926-N	НЕЗАВИДНЫЙ
НЕВОЛИТЬ	116683-N	НЕПРИЯТНЫЙ (НЕ НРАВЯЩИЙСЯ)
НЕВОЛИТЬ	138479-N	НЕГОТОВНОСТЬ
НЕВОЛИТЬ	119117-N	НЕРЕШИТЕЛЬНЫЙ
НЕВОЛИТЬ	124580-N	НЕЛЮДИМЫЙ (НЕОБЩИТЕЛЬНЫЙ)
ОБАГРИТЬ	118540-N	НАДУТЬ (НАНЕСТИ)
ОБАГРИТЬ	116298-N	ОЗАГЛАВИТЬ
ОБАГРИТЬ	115858-N	ОГОРОДИТЬ
ОБАГРИТЬ	116831-N	ОБМАХНУТЬ (ОБДАТЬ)
ОБАГРИТЬ	120389-N	НАНИЗАТЬ (НАДЕТЬ)
ОБАГРИТЬ	124784-N	НАЛЕЧЬ, НАВАЛИТЬСЯ
ОБАГРИТЬ	117669-N	ОБЛИТЬ ПОКРЫТИЕМ
ОБАГРИТЬ	143879-N	ОБОГНУТЬ (НАДЕТЬ)
ОБАГРИТЬ	112932-N	НАГАН
ОБАГРИТЬ	111876-N	ОКУРИТЬ (ОБДАТЬ ДЫМОМ)
ОБЕЗЖЕЛЕЗИТЬ	117015-N	НАЕХАТЬ (НАТОЛКНУТЬСЯ)
ОБЕЗЖЕЛЕЗИТЬ	147427-N	НАЕЗД ТРАНСПОРТНОГО СРЕДСТВА
ОБЕЗЖЕЛЕЗИТЬ	147425-N	НАЕЗД НА ПЕШЕХОДА
ОБЕЗЖЕЛЕЗИТЬ	132990-N	ОБЕЗДОЛЕННЫЙ
ОБЕЗЖЕЛЕЗИТЬ	138424-N	НАЕХАТЬ (ОКАЗЫВАТЬ ДАВЛЕНИЕ)
ОБЕЗЖЕЛЕЗИТЬ	128431-N	ОБЕЗВРЕДИТЬ
ОБЕЗЖЕЛЕЗИТЬ	132988-N	ОБЕЗВОДИТЬ (ЛИШИТЬ ЖИДКОСТИ)
ОБЕЗЖЕЛЕЗИТЬ	120389-N	НАНИЗАТЬ (НАДЕТЬ)
ОБЕЗЖЕЛЕЗИТЬ	152924-N	ОБЕЗЖИРЕННОСТЬ
ОБЕЗЖЕЛЕЗИТЬ	118455-N	ОБЪЕХАТЬ, ОБЪЕЗДИТЬ
ОБЕЗЬЯННИЧАТЬ	112773-N	ОБЕЗЬЯННИК
ОБЕЗЬЯННИЧАТЬ	120389-N	НАНИЗАТЬ (НАДЕТЬ)
ОБЕЗЬЯННИЧАТЬ	132990-N	ОБЕЗДОЛЕННЫЙ
ОБЕЗЬЯННИЧАТЬ	132740-N	НАВЯЗАТЬ (ЗАСТАВИТЬ ВЗЯТЬ)
ОБЕЗЬЯННИЧАТЬ	118540-N	НАДУТЬ (НАНЕСТИ)
ОБЕЗЬЯННИЧАТЬ	119393-N	ОЗАДАЧЕННЫЙ
ОБЕЗЬЯННИЧАТЬ	105543-N	НАЗРАНЬ
ОБЕЗЬЯННИЧАТЬ	143878-N	НАВЯЗАТЬ (ЗАСТАВИТЬ ПРИНЯТЬ)
ОБЕЗЬЯННИЧАТЬ	144521-N	НАЗНАЧЕНЕЦ
ОБЕЗЬЯННИЧАТЬ	151347-N	ОБДЕЛИТЬ СПОСОБНОСТЬЮ
ОБКОЛОТЬ	127232-N	ОБОЙТИ СТОРОНОЙ
ОБКОЛОТЬ	132109-N	ЛАВИРОВАТЬ, МАНЕВРИРОВАТЬ
ОБКОЛОТЬ	125434-N	ВОЗДУШНЫЙ ПИЛОТАЖ
ОБКОЛОТЬ	111959-N	КОЛОТЬ, УКОЛОТЬ
ОБКОЛОТЬ	146720-N	ОБНЕСТИ ВОКРУГ
ОБКОЛОТЬ	110797-N	ПРИКОЛОТЬ (ПРИКРЕПИТЬ)
ОБКОЛОТЬ	115204-N	ОБЛЕТЕТЬ ВОКРУГ
ОБКОЛОТЬ	115193-N	ОКРУЖИТЬ, ЗАКЛЮЧИТЬ В КРУГ
ОБКОЛОТЬ	145704-N	ОБЪЕХАТЬ (СДЕЛАТЬ КРУГ)
ОБКОЛОТЬ	116335-N	ОПУТАТЬ (ОБМОТАТЬ, ОБВЯЗАТЬ)
ОБОЖЕСТВИТЬ	132740-N	НАВЯЗАТЬ (ЗАСТАВИТЬ ВЗЯТЬ)
ОБОЖЕСТВИТЬ	120389-N	НАНИЗАТЬ (НАДЕТЬ)
ОБОЖЕСТВИТЬ	118540-N	НАДУТЬ (НАНЕСТИ)
ОБОЖЕСТВИТЬ	127386-N	ОТОЖДЕСТВИТЬ (ПРИЗНАТЬ ТОЖДЕСТВЕННЫМ)
ОБОЖЕСТВИТЬ	117037-N	ПРЕДСТАВИТЬ (ПОЗНАКОМИТЬ)
ОБОЖЕСТВИТЬ	127322-N	ПРИВЯЗЬ
ОБОЖЕСТВИТЬ	146721-N	ОБНЕСТИ (УГОСТИТЬ)
ОБОЖЕСТВИТЬ	117036-N	ПРЕДЪЯВИТЬ
ОБОЖЕСТВИТЬ	132736-N	НАВЕСИТЬ (НАДЕТЬ)
ОБОЖЕСТВИТЬ	143878-N	НАВЯЗАТЬ (ЗАСТАВИТЬ ПРИНЯТЬ)
ОБСАДИТЬ	115379-N	ОККУПАНТ
ОБСАДИТЬ	115285-N	ОХВАТИТЬ, ОВЛАДЕТЬ
ОБСАДИТЬ	124784-N	НАЛЕЧЬ, НАВАЛИТЬСЯ
ОБСАДИТЬ	146668-N	ОСАЖДАТЬ (ЗАСТАВИТЬ ОСЕСТЬ)
ОБСАДИТЬ	128431-N	ОБЕЗВРЕДИТЬ
ОБСАДИТЬ	118540-N	НАДУТЬ (НАНЕСТИ)
ОБСАДИТЬ	116819-N	ОБЛОЖИТЬ (ОКРУЖИТЬ)
ОБСАДИТЬ	127204-N	ОБЛОЖИТЬ, ПОЛОЖИТЬ ВОКРУГ
ОБСАДИТЬ	132736-N	НАВЕСИТЬ (НАДЕТЬ)
ОБСАДИТЬ	106595-N	ОБЕРЕГАТЬ, ЗАЩИЩАТЬ
ОБУГЛИТЬ	116298-N	ОЗАГЛАВИТЬ
ОБУГЛИТЬ	118540-N	НАДУТЬ (НАНЕСТИ)
ОБУГЛИТЬ	117324-N	ОБЕССИЛИТЬ
ОБУГЛИТЬ	111114-N	НАКАЛИТЬСЯ, РАСКАЛИТЬСЯ
ОБУГЛИТЬ	143879-N	ОБОГНУТЬ (НАДЕТЬ)
ОБУГЛИТЬ	117964-N	ОБНЮХАТЬ
ОБУГЛИТЬ	124784-N	НАЛЕЧЬ, НАВАЛИТЬСЯ
ОБУГЛИТЬ	127049-N	НАГЛЕТЬ, ОБНАГЛЕТЬ
ОБУГЛИТЬ	117826-N	УВЛАЖНИТЬ
ОБУГЛИТЬ	115883-N	РАЗГЛАГОЛЬСТВОВАТЬ
ОГРУБЕТЬ	127049-N	НАГЛЕТЬ, ОБНАГЛЕТЬ
ОГРУБЕТЬ	129357-N	ГЛУПЕТЬ
ОГРУБЕТЬ	143879-N	ОБОГНУТЬ (НАДЕТЬ)
ОГРУБЕТЬ	115285-N	ОХВАТИТЬ, ОВЛАДЕТЬ
ОГРУБЕТЬ	134187-N	ОТГРЕСТИ (ОТОДВИНУТЬ)
ОГРУБЕТЬ	112932-N	НАГАН
ОГРУБЕТЬ	116966-N	МУРОВАТЬ
ОГРУБЕТЬ	120232-N	ОБОБРАТЬ (СОБРАТЬ С ЧЕГО-Н.)
ОГРУБЕТЬ	118540-N	НАДУТЬ (НАНЕСТИ)
ОГРУБЕТЬ	126256-N	ЗАРУБИТЬ (УБИТЬ)
ОДУХОТВОРИТЬ	150132-N	ОТОДВИНУТЬ (ОТКРЫТЬ)
ОДУХОТВОРИТЬ	109456-N	ОТВОРОТ НА ОДЕЖДЕ
ОДУХОТВОРИТЬ	127316-N	ОТВЕРНУТЬ (ОТКРЫТЬ)
ОДУХОТВОРИТЬ	118540-N	НАДУТЬ (НАНЕСТИ)
ОДУХОТВОРИТЬ	109445-N	УКРЫТЬ (НАКРЫТЬ)
ОДУХОТВОРИТЬ	120389-N	НАНИЗАТЬ (НАДЕТЬ)
ОДУХОТВОРИТЬ	120982-N	ВСКРЫТЬСЯ (ОБНАРУЖИТЬСЯ)
ОДУХОТВОРИТЬ	143676-N	ОТКРЫТЫЙ, НЕПОКРЫТЫЙ
ОДУХОТВОРИТЬ	121131-N	ОТКРЫТЬ (ПОЛОЖИТЬ НАЧАЛО ДЕЯТЕЛЬНОСТИ)
ОДУХОТВОРИТЬ	144368-N	ВСКРЫТЬСЯ (ПРОРВАТЬСЯ НАРУЖУ)
ОКАТЬ	118317-N	НАНЕСТИ (ОТМЕТИТЬ, НАЧЕРТИТЬ)
ОКАТЬ	148304-N	НАНЕСЕНИЕ МАКИЯЖА
ОКАТЬ	148349-N	КРАСИТЬ ГУБЫ
ОКАТЬ	116045-N	НАКАТИТЬ (ПОМЕСТИТЬ)
ОКАТЬ	104882-N	НАНТ
ОКАТЬ	120389-N	НАНИЗАТЬ (НАДЕТЬ)
ОКАТЬ	118540-N	НАДУТЬ (НАНЕСТИ)
ОКАТЬ	112932-N	НАГАН
ОКАТЬ	111114-N	НАКАЛИТЬСЯ, РАСКАЛИТЬСЯ
ОКАТЬ	118190-N	УКАТАТЬ (РАЗРОВНЯТЬ)
ОКРОВАВИТЬ	111876-N	ОКУРИТЬ (ОБДАТЬ ДЫМОМ)
ОКРОВАВИТЬ	118540-N	НАДУТЬ (НАНЕСТИ)
ОКРОВАВИТЬ	117669-N	ОБЛИТЬ ПОКРЫТИЕМ
ОКРОВАВИТЬ	115540-N	НАДОРВАТЬСЯ (РАЗОРВАТЬСЯ)
ОКРОВАВИТЬ	116966-N	МУРОВАТЬ
ОКРОВАВИТЬ	117964-N	ОБНЮХАТЬ
ОКРОВАВИТЬ	114248-N	НАКОВАЛЬНЯ
ОКРОВАВИТЬ	120389-N	НАНИЗАТЬ (НАДЕТЬ)
ОКРОВАВИТЬ	111457-N	ЗАМАЗАТЬ (ПОКРЫТЬ)
ОКРОВАВИТЬ	116799-N	НАШИТЬ СВЕРХУ
ОПЛАВИТЬСЯ	133711-N	ПОПЛАТИТЬСЯ
ОПЛАВИТЬСЯ	117368-N	ОПЛАКАТЬ
ОПЛАВИТЬСЯ	116821-N	ОБЛОЖИТЬ, ОБЯЗАТЬ К ОПЛАТЕ
ОПЛАВИТЬСЯ	111114-N	НАКАЛИТЬСЯ, РАСКАЛИТЬСЯ
ОПЛАВИТЬСЯ	124784-N	НАЛЕЧЬ, НАВАЛИТЬСЯ
ОПЛАВИТЬСЯ	127068-N	НАКИПЬ (ПЕНА)
ОПЛАВИТЬСЯ	118540-N	НАДУТЬ (НАНЕСТИ)
ОПЛАВИТЬСЯ	111066-N	НАКЛОНИТЬСЯ, СКЛОНИТЬСЯ
ОПЛАВИТЬСЯ	111487-N	СПЛАВИТЬ ВМЕСТЕ
ОПЛАВИТЬСЯ	132117-N	ЛАТАТЬ, СТАВИТЬ ЗАПЛАТЫ
ОПОХМЕЛИТЬСЯ	134054-N	ПОХМЕЛЬЕ
ОПОХМЕЛИТЬСЯ	130825-N	НЕМЕТЬ, ЗАНЕМЕТЬ
ОПОХМЕЛИТЬСЯ	132930-N	НЕМЕТЬ, ЛИШИТЬСЯ РЕЧИ
ОПОХМЕЛИТЬСЯ	111114-N	НАКАЛИТЬСЯ, РАСКАЛИТЬСЯ
ОПОХМЕЛИТЬСЯ	121356-N	ЗАВИХРИТЬСЯ
ОПОХМЕЛИТЬСЯ	135695-N	ОБОСТРИТЬСЯ, НАКАЛИТЬСЯ
ОПОХМЕЛИТЬСЯ	112072-N	РАЗОМКНУТЬСЯ
ОПОХМЕЛИТЬСЯ	116282-N	ГЛУМИТЬСЯ
ОПОХМЕЛИТЬСЯ	116513-N	ОШЕЛОМИТЬ
ОПОХМЕЛИТЬСЯ	116891-N	РАСХИТИТЬ
ОРОГОВЕТЬ	120907-N	ОТОРОПЕТЬ
ОРОГОВЕТЬ	112932-N	НАГАН
ОРОГОВЕТЬ	143879-N	ОБОГНУТЬ (НАДЕТЬ)
ОРОГОВЕТЬ	116298-N	ОЗАГЛАВИТЬ
ОРОГОВЕТЬ	118540-N	НАДУТЬ (НАНЕСТИ)
ОРОГОВЕТЬ	100106-N	НАГОРЬЕ
ОРОГОВЕТЬ	118288-N	НАВОДНИТЬ
ОРОГОВЕТЬ	107181-N	КЛЕВЕТАТЬ
ОРОГОВЕТЬ	118971-N	НАГЛЫЙ
ОРОГОВЕТЬ	103889-N	НАЗАРЕТ
ОСЛЫШАТЬСЯ	137760-N	ПРИСЛУШАТЬСЯ К СЕБЕ
ОСЛЫШАТЬСЯ	133962-N	ПОДСЛУШАТЬ
ОСЛЫШАТЬСЯ	120981-N	ВСЛУШАТЬСЯ
ОСЛЫШАТЬСЯ	115099-N	КОЛЫХАТЬСЯ
ОСЛЫШАТЬСЯ	149912-N	ПРИГЛУШИТЬ ЗВУК
ОСЛЫШАТЬСЯ	115100-N	КОЛЫХАТЬ
ОСЛЫШАТЬСЯ	118435-N	СЛУШАТЬ, СЛУШАТЬСЯ
ОСЛЫШАТЬСЯ	131556-N	ЗАСЛУШАТЬ ПУБЛИЧНО
ОСЛЫШАТЬСЯ	128292-N	ПРИГЛУШЕННЫЙ (ТИХИЙ)
ОСЛЫШАТЬСЯ	125663-N	СЛЫШНЫЙ, ДОСТУПНЫЙ СЛУХУ
ОТГРЫЗТЬ	132766-N	ОТКУСИТЬ (ОТДЕЛИТЬ КУСАЯ)
ОТГРЫЗТЬ	123554-N	ОТГРУЗИТЬ (ОТПРАВИТЬ)
ОТГРЫЗТЬ	134187-N	ОТГРЕСТИ (ОТОДВИНУТЬ)
ОТГРЫЗТЬ	116564-N	СБРЫЗНУТЬ
ОТГРЫЗТЬ	120389-N	НАНИЗАТЬ (НАДЕТЬ)
ОТГРЫЗТЬ	127258-N	ОДЕРНУТЬ ВНИЗ
ОТГРЫЗТЬ	112240-N	ОТГОРОДИТЬ
ОТГРЫЗТЬ	150132-N	ОТОДВИНУТЬ (ОТКРЫТЬ)
ОТГРЫЗТЬ	127049-N	НАГЛЕТЬ, ОБНАГЛЕТЬ
ОТГРЫЗТЬ	139858-N	ГРЫЗТЬ, ТЕРЗАТЬ
ОТКАШЛЯТЬСЯ	130547-N	ВЫТЕРЕТЬСЯ ОТ НОСКИ
ОТКАШЛЯТЬСЯ	127419-N	ОТКОЛОТЬСЯ, ОТКАЧНУТЬСЯ
ОТКАШЛЯТЬСЯ	135164-N	СПУГНУТЬ С МЕСТА
ОТКАШЛЯТЬСЯ	111045-N	УДАЛИТЬСЯ НА НЕКОТОРОЕ РАССТОЯНИЕ
ОТКАШЛЯТЬСЯ	116473-N	ОТОДВИНУТЬСЯ (ОТДАЛИТЬСЯ)
ОТКАШЛЯТЬСЯ	111874-N	ВЫКУРИТЬ НАРУЖУ
ОТКАШЛЯТЬСЯ	154736-N	ОТПУСТИТЬ (ПЕРЕСТАТЬ НАЖИМАТЬ)
ОТКАШЛЯТЬСЯ	111114-N	НАКАЛИТЬСЯ, РАСКАЛИТЬСЯ
ОТКАШЛЯТЬСЯ	134720-N	УСТРАНИТЬСЯ ОТ УЧАСТИЯ
ОТКАШЛЯТЬСЯ	142031-N	ОТРЕШИТЬСЯ (ОТКАЗАТЬСЯ)
ОТПОЛЗТИ	118687-N	ОПОЛЗТИ (ОСЕСТЬ, СПОЛЗТИ)
ОТПОЛЗТИ	110917-N	ВЫТАЩИТЬ НАРУЖУ
ОТПОЛЗТИ	116360-N	ИЗНОСИТЬСЯ ОТ УПОТРЕБЛЕНИЯ
ОТПОЛЗТИ	118667-N	УДОВЛЕТВОРИТЬСЯ
ОТПОЛЗТИ	114961-N	СПОЛЗТИ, СПУСТИТЬСЯ ПОЛЗКОМ
ОТПОЛЗТИ	112699-N	ПРИМЕНИТЬ
ОТПОЛЗТИ	104882-N	НАНТ
ОТПОЛЗТИ	116942-N	ПОПОЛЗНОВЕНИЕ
ОТПОЛЗТИ	123658-N	НАСЛЕГ
ОТПОЛЗТИ	127068-N	НАКИПЬ (ПЕНА)
ОТРЕКОНСТРУИРОВАТЬ	121314-N	РЕКОНСТРУИРОВАТЬ (ВОССТАНОВИТЬ)
ОТРЕКОНСТРУИРОВАТЬ	146717-N	ПЕРЕСТРОИТЬСЯ (ПОСТРОИТЬСЯ ЗАНОВО)
ОТРЕКОНСТРУИРОВАТЬ	118041-N	РАССТРОИТЬ, ВНЕСТИ РАССТРОЙСТВО
ОТРЕКОНСТРУИРОВАТЬ	117448-N	НАВЕРСТАТЬ УПУЩЕННОЕ
ОТРЕКОНСТРУИРОВАТЬ	112242-N	РЕАБИЛИТИРОВАТЬ
ОТРЕКОНСТРУИРОВАТЬ	133634-N	ПЕРЕИНАЧИТЬ
ОТРЕКОНСТРУИРОВАТЬ	118045-N	РАССТРОИТЬСЯ (НАРУШИТЬСЯ)
ОТРЕКОНСТРУИРОВАТЬ	139346-N	ПЕРЕОСНАСТИТЬ
ОТРЕКОНСТРУИРОВАТЬ	141399-N	ВОССТАНОВИТЬ (ВОСПРОИЗВЕСТИ)
ОТРЕКОНСТРУИРОВАТЬ	110478-N	ОГОРЧИТЬ, РАССТРОИТЬ
ОТСЫРЕТЬ	111874-N	ВЫКУРИТЬ НАРУЖУ
ОТСЫРЕТЬ	130547-N	ВЫТЕРЕТЬСЯ ОТ НОСКИ
ОТСЫРЕТЬ	140675-N	ОТОСЛАТЬ (УДАЛИТЬ)
ОТСЫРЕТЬ	130503-N	ОТОРВАТЬСЯ (УДАЛИТЬСЯ)
ОТСЫРЕТЬ	127411-N	ОТТЕСНИТЬ, ОТТЕРЕТЬ
ОТСЫРЕТЬ	115545-N	ОТСЕЛИТЬ
ОТСЫРЕТЬ	143192-N	ВЫМАНИТЬ НАРУЖУ
ОТСЫРЕТЬ	113672-N	ВЫЛОМАТЬ
ОТСЫРЕТЬ	110917-N	ВЫТАЩИТЬ НАРУЖУ
ОТСЫРЕТЬ	112548-N	УДАЛИТЬ (ЗАСТАВИТЬ УЙТИ)
ОТЦВЕСТИ	114477-N	ОТВЕСИТЬ (ОТДЕЛИТЬ)
ОТЦВЕСТИ	3862-N	ОТЧЕСТВО
ОТЦВЕСТИ	114476-N	ОТВАЛ (НАСЫПЬ)
ОТЦВЕСТИ	134187-N	ОТГРЕСТИ (ОТОДВИНУТЬ)
ОТЦВЕСТИ	120517-N	ОТРЕЗАТЬ В ОТВЕТ
ОТЦВЕСТИ	117661-N	ЗВЕРЕТЬ
ОТЦВЕСТИ	133477-N	ОТОРВАННЫЙ ОТ ДРУГИХ
ОТЦВЕСТИ	152521-N	ОТЛОЖИТЬ ПРО ЗАПАС
ОТЦВЕСТИ	116562-N	ОТТЕЧЬ
ОТЦВЕСТИ	115545-N	ОТСЕЛИТЬ
ОТЯГЧАТЬ	150132-N	ОТОДВИНУТЬ (ОТКРЫТЬ)
ОТЯГЧАТЬ	110917-N	ВЫТАЩИТЬ НАРУЖУ
ОТЯГЧАТЬ	115994-N	ОТМАХНУТЬСЯ (ОТОГНАТЬ)
ОТЯГЧАТЬ	115997-N	ОТОГНАТЬ (НАПРАВИТЬ)
ОТЯГЧАТЬ	116424-N	ОБВОЛОЧЬСЯ
ОТЯГЧАТЬ	116473-N	ОТОДВИНУТЬСЯ (ОТДАЛИТЬСЯ)
ОТЯГЧАТЬ	117020-N	ОТТАЩИТЬ
ОТЯГЧАТЬ	133419-N	ОТБИТЬ (РАЗМЯГЧИТЬ)
ОТЯГЧАТЬ	130547-N	ВЫТЕРЕТЬСЯ ОТ НОСКИ
ОТЯГЧАТЬ	135164-N	СПУГНУТЬ С МЕСТА
ОЧЕЛОВЕЧИВАТЬ	136377-N	ГУМАНИЗАЦИЯ
ОЧЕЛОВЕЧИВАТЬ	127285-N	МУЖАТЬ, ВОЗМУЖАТЬ
ОЧЕЛОВЕЧИВАТЬ	116298-N	ОЗАГЛАВИТЬ
ОЧЕЛОВЕЧИВАТЬ	133910-N	ЧЕЛОВЕКО-ДЕНЬ
ОЧЕЛОВЕЧИВАТЬ	118540-N	НАДУТЬ (НАНЕСТИ)
ОЧЕЛОВЕЧИВАТЬ	154184-N	ЧЕЛОВЕК ПО ВНЕШНОСТИ
ОЧЕЛОВЕЧИВАТЬ	133914-N	ЧЕЛОВЕКО-ЧАС
ОЧЕЛОВЕЧИВАТЬ	114248-N	НАКОВАЛЬНЯ
ОЧЕЛОВЕЧИВАТЬ	115967-N	МЫЛИТЬ, НАМЫЛИВАТЬ
ОЧЕЛОВЕЧИВАТЬ	120389-N	НАНИЗАТЬ (НАДЕТЬ)
ОЩЕНИТЬСЯ	117661-N	ЗВЕРЕТЬ
ОЩЕНИТЬСЯ	130825-N	НЕМЕТЬ, ЗАНЕМЕТЬ
ОЩЕНИТЬСЯ	120389-N	НАНИЗАТЬ (НАДЕТЬ)
ОЩЕНИТЬСЯ	118540-N	НАДУТЬ (НАНЕСТИ)
ОЩЕНИТЬСЯ	124784-N	НАЛЕЧЬ, НАВАЛИТЬСЯ
ОЩЕНИТЬСЯ	111066-N	НАКЛОНИТЬСЯ, СКЛОНИТЬСЯ
ОЩЕНИТЬСЯ	119336-N	ОСТАВИТЬ ПРИ УХОДЕ
ОЩЕНИТЬСЯ	141709-N	ОТСЕЛИТЬСЯ
ОЩЕНИТЬСЯ	117914-N	ОСВОБОДИТЬСЯ ОТ ОБЯЗАННОСТИ
ОЩЕНИТЬСЯ	105543-N	НАЗРАНЬ
ПАНИРОВАТЬ	118540-N	НАДУТЬ (НАНЕСТИ)
ПАНИРОВАТЬ	127068-N	НАКИПЬ (ПЕНА)
ПАНИРОВАТЬ	120389-N	НАНИЗАТЬ (НАДЕТЬ)
ПАНИРОВАТЬ	142583-N	НАЛАДИТЬ (ХОРОШО ОРГАНИЗОВАТЬ)
ПАНИРОВАТЬ	118288-N	НАВОДНИТЬ
ПАНИРОВАТЬ	111887-N	ЗАПРАВИТЬ ПИЩУ
ПАНИРОВАТЬ	138532-N	ПАНКИ
ПАНИРОВАТЬ	117034-N	ПРИГОТОВИТЬСЯ, ДЕЛАТЬ ПРИГОТОВЛЕНИЯ
ПАНИРОВАТЬ	114248-N	НАКОВАЛЬНЯ
ПАНИРОВАТЬ	128535-N	ПАННО
ПЕЛЕНАТЬ	119055-N	ПЕЛЕНА
ПЕЛЕНАТЬ	119054-N	ДЫМКА
ПЕЛЕНАТЬ	126686-N	МГЛА (НЕПРОЗРАЧНЫЙ ВОЗДУХ)
ПЕЛЕНАТЬ	108775-N	ПЕЛЕНКА
ПЕЛЕНАТЬ	110235-N	ПЛЕТЕНЬ
ПЕЛЕНАТЬ	133714-N	ЗАХВАТ В ПЛЕН
ПЕЛЕНАТЬ	120389-N	НАНИЗАТЬ (НАДЕТЬ)
ПЕЛЕНАТЬ	107181-N	КЛЕВЕТАТЬ
ПЕЛЕНАТЬ	118540-N	НАДУТЬ (НАНЕСТИ)
ПЕЛЕНАТЬ	127068-N	НАКИПЬ (ПЕНА)
ПЕРЕДАВИТЬ	113973-N	ПЕРЕДАТЬ (ВОСПРОИЗВЕСТИ)
ПЕРЕДАВИТЬ	117587-N	ТЕЛЕРАДИОТРАНСЛЯЦИЯ
ПЕРЕДАВИТЬ	143721-N	РЕТРАНСЛЯЦИЯ
ПЕРЕДАВИТЬ	120762-N	СООБЩИТЬСЯ, ПЕРЕДАТЬСЯ
ПЕРЕДАВИТЬ	133678-N	ПЕРЕСДАТЬ (СДАТЬ В ПОЛЬЗОВАНИЕ ДРУГИМ)
ПЕРЕДАВИТЬ	117125-N	ПЕРЕДЕЛИТЬ
ПЕРЕДАВИТЬ	115662-N	ПЕРЕВЕСИТЬ НА ДРУГОЕ МЕСТО
ПЕРЕДАВИТЬ	116060-N	ПРЕПОДНЕСТИ, ТОРЖЕСТВЕННО ВРУЧИТЬ
ПЕРЕДАВИТЬ	116624-N	ПЕРЕПОРУЧИТЬ
ПЕРЕДАВИТЬ	149153-N	ПЕРЕДАЧА ПРАВ
ПЕРЕЖИМАТЬ	119346-N	ПЕРЕЖДАТЬ
ПЕРЕЖИМАТЬ	111682-N	ПЕРЕМЕШАТЬ
ПЕРЕЖИМАТЬ	137141-N	ПЕРЕКОПАТЬ (ПЕРЕГОРОДИТЬ)
ПЕРЕЖИМАТЬ	111813-N	ПЕРЕСПРОСИТЬ
ПЕРЕЖИМАТЬ	115083-N	ПЕРЕКРИЧАТЬ
ПЕРЕЖИМАТЬ	133625-N	ПЕРЕГОРЕТЬ (ПЕРЕЛОМИТЬСЯ)
ПЕРЕЖИМАТЬ	116614-N	ПЕРЕОДЕТЬ
ПЕРЕЖИМАТЬ	140881-N	ПЕРЕЛОМИТЬ (РЕЗКО ИЗМЕНИТЬ)
ПЕРЕЖИМАТЬ	117619-N	ПЕРЕЛОВИТЬ
ПЕРЕЖИМАТЬ	106938-N	ПЕРЕМЕСТИТЬ
ПЕРЕКОВАТЬ	114579-N	ПЕРЕПРЫГНУТЬ
ПЕРЕКОВАТЬ	126952-N	ОПОРНЫЙ ПРЫЖОК
ПЕРЕКОВАТЬ	137141-N	ПЕРЕКОПАТЬ (ПЕРЕГОРОДИТЬ)
ПЕРЕКОВАТЬ	115083-N	ПЕРЕКРИЧАТЬ
ПЕРЕКОВАТЬ	111682-N	ПЕРЕМЕШАТЬ
ПЕРЕКОВАТЬ	116149-N	ПЕРЕКАТИТЬ
ПЕРЕКОВАТЬ	111813-N	ПЕРЕСПРОСИТЬ
ПЕРЕКОВАТЬ	116189-N	ПРОРЕЗАТЬСЯ НАРУЖУ
ПЕРЕКОВАТЬ	118836-N	ПЕРЕРЕЗАТЬ ПУТЬ
ПЕРЕКОВАТЬ	117125-N	ПЕРЕДЕЛИТЬ
ПЕРЕЛИЦЕВАТЬ	127495-N	ПЕРЕЛИТЬ ИЗДЕЛИЕ
ПЕРЕЛИЦЕВАТЬ	117619-N	ПЕРЕЛОВИТЬ
ПЕРЕЛИЦЕВАТЬ	111813-N	ПЕРЕСПРОСИТЬ
ПЕРЕЛИЦЕВАТЬ	111682-N	ПЕРЕМЕШАТЬ
ПЕРЕЛИЦЕВАТЬ	115083-N	ПЕРЕКРИЧАТЬ
ПЕРЕЛИЦЕВАТЬ	118836-N	ПЕРЕРЕЗАТЬ ПУТЬ
ПЕРЕЛИЦЕВАТЬ	114579-N	ПЕРЕПРЫГНУТЬ
ПЕРЕЛИЦЕВАТЬ	140881-N	ПЕРЕЛОМИТЬ (РЕЗКО ИЗМЕНИТЬ)
ПЕРЕЛИЦЕВАТЬ	117125-N	ПЕРЕДЕЛИТЬ
ПЕРЕЛИЦЕВАТЬ	106541-N	ПЕРЕЧИСЛИТЬ (НАЗВАТЬ)
ПЕРЕПОСТИТЬ	106938-N	ПЕРЕМЕСТИТЬ
ПЕРЕПОСТИТЬ	111022-N	БРОСИТЬ (ПЕРЕМЕСТИТЬ)
ПЕРЕПОСТИТЬ	112004-N	РАЗБРОСАТЬ, РАСШВЫРЯТЬ
ПЕРЕПОСТИТЬ	112003-N	БРЫЗГАТЬ, РАЗБРАСЫВАТЬ БРЫЗГИ
ПЕРЕПОСТИТЬ	121041-N	РАЗБРЫЗГАТЬ, РАСПРЫСКАТЬ
ПЕРЕПОСТИТЬ	123574-N	РАСПЫЛИТЬ ЖИДКОСТЬ, ГАЗ
ПЕРЕПОСТИТЬ	115662-N	ПЕРЕВЕСИТЬ НА ДРУГОЕ МЕСТО
ПЕРЕПОСТИТЬ	116061-N	ПРЕПРОВОДИТЬ
ПЕРЕПОСТИТЬ	111813-N	ПЕРЕСПРОСИТЬ
ПЕРЕПОСТИТЬ	133673-N	ПЕРЕРАСПРЕДЕЛИТЬ
ПЕРЕСПОРИТЬ	111813-N	ПЕРЕСПРОСИТЬ
ПЕРЕСПОРИТЬ	133673-N	ПЕРЕРАСПРЕДЕЛИТЬ
ПЕРЕСПОРИТЬ	116061-N	ПРЕПРОВОДИТЬ
ПЕРЕСПОРИТЬ	111682-N	ПЕРЕМЕШАТЬ
ПЕРЕСПОРИТЬ	117126-N	ПЕРЕДРАЗНИТЬ
ПЕРЕСПОРИТЬ	106938-N	ПЕРЕМЕСТИТЬ
ПЕРЕСПОРИТЬ	116624-N	ПЕРЕПОРУЧИТЬ
ПЕРЕСПОРИТЬ	116063-N	ПРЕСЕЧЬ
ПЕРЕСПОРИТЬ	115662-N	ПЕРЕВЕСИТЬ НА ДРУГОЕ МЕСТО
ПЕРЕСПОРИТЬ	120966-N	ПЕРЕНАПРЯЧЬСЯ
ПЕРЕУСТРАИВАТЬ	116612-N	ПЕРЕОБОРУДОВАТЬ
ПЕРЕУСТРАИВАТЬ	114577-N	ПЕРЕПРОДАЖА
ПЕРЕУСТРАИВАТЬ	123437-N	ПЕРЕУСЕРДСТВОВАТЬ
ПЕРЕУСТРАИВАТЬ	116248-N	ПЕРЕГОРОДИТЬ
ПЕРЕУСТРАИВАТЬ	111813-N	ПЕРЕСПРОСИТЬ
ПЕРЕУСТРАИВАТЬ	127488-N	ПЕРЕИГРАТЬ, НЕНАТУРАЛЬНО СЫГРАТЬ
ПЕРЕУСТРАИВАТЬ	151498-N	ПЕРЕОЦЕНИТЬ (НЕВЕРНО ОЦЕНИТЬ)
ПЕРЕУСТРАИВАТЬ	116615-N	ПЕРЕОХЛАДИТЬ
ПЕРЕУСТРАИВАТЬ	116115-N	ПРЕУВЕЛИЧИТЬ
ПЕРЕУСТРАИВАТЬ	113654-N	ПЕРЕРАСХОДОВАТЬ
ПИКАТЬ	116045-N	НАКАТИТЬ (ПОМЕСТИТЬ)
ПИКАТЬ	142149-N	ПИЧКАТЬ ИНФОРМАЦИЕЙ
ПИКАТЬ	133707-N	ПИЧКАТЬ ЕДОЙ
ПИКАТЬ	127068-N	НАКИПЬ (ПЕНА)
ПИКАТЬ	111114-N	НАКАЛИТЬСЯ, РАСКАЛИТЬСЯ
ПИКАТЬ	120389-N	НАНИЗАТЬ (НАДЕТЬ)
ПИКАТЬ	111193-N	ТОПТАТЬ НОГАМИ
ПИКАТЬ	116184-N	ПИЛИТЬ (УПРЕКАТЬ)
ПИКАТЬ	117671-N	ВСПЫЛИТЬ
ПИКАТЬ	120390-N	ПИКНИК
ПОДГОРАТЬ	120961-N	ЗАГОРЕТЬ
ПОДГОРАТЬ	114906-N	ПОДЖЕЧЬ СНИЗУ
ПОДГОРАТЬ	118285-N	ГОРЯЧИТЬСЯ
ПОДГОРАТЬ	115286-N	ПОДОГНАТЬ (ПРИБЛИЗИТЬ)
ПОДГОРАТЬ	127445-N	ПАЛИТЬ (ОБЖИГАТЬ ОЧИЩАЯ)
ПОДГОРАТЬ	118540-N	НАДУТЬ (НАНЕСТИ)
ПОДГОРАТЬ	115877-N	ПОДТАЯТЬ
ПОДГОРАТЬ	120389-N	НАНИЗАТЬ (НАДЕТЬ)
ПОДГОРАТЬ	133933-N	ПОДСТЕЛИТЬ ВНИЗУ
ПОДГОРАТЬ	118672-N	РАЗЖЕЧЬ (КРАЙНЕ УСИЛИТЬ)
ПОДЛЕЗТЬ	114452-N	СПУСТИТЬСЯ ВНИЗ
ПОДЛЕЗТЬ	129197-N	ВЫСАДИТЬСЯ ИЗ ТРАНСПОРТА
ПОДЛЕЗТЬ	4316-N	ДЕСАНТИРОВАНИЕ
ПОДЛЕЗТЬ	7969-N	ВОЗДУШНЫЙ ДЕСАНТ
ПОДЛЕЗТЬ	117296-N	ПОДЛЕТЕТЬ (ВЛЕТЕТЬ ПОДО ЧТО-Н.)
ПОДЛЕЗТЬ	117297-N	ПОДЛЕТЕТЬ (ПРИБЛИЗИТЬСЯ)
ПОДЛЕЗТЬ	124784-N	НАЛЕЧЬ, НАВАЛИТЬСЯ
ПОДЛЕЗТЬ	123491-N	ПРОСТУПИТЬ НА ПОВЕРХНОСТЬ
ПОДЛЕЗТЬ	115863-N	ПОДСТУПИТЬ (ПРИБЛИЗИТЬСЯ)
ПОДЛЕЗТЬ	114875-N	ВЗОБРАТЬСЯ
ПОДНЫРНУТЬ	118540-N	НАДУТЬ (НАНЕСТИ)
ПОДНЫРНУТЬ	120389-N	НАНИЗАТЬ (НАДЕТЬ)
ПОДНЫРНУТЬ	115874-N	ПОДСУНУТЬ НЕЗАМЕТНО
ПОДНЫРНУТЬ	116081-N	ВНИКНУТЬ
ПОДНЫРНУТЬ	113999-N	ПРОНИЗАТЬ
ПОДНЫРНУТЬ	118288-N	НАВОДНИТЬ
ПОДНЫРНУТЬ	105543-N	НАЗРАНЬ
ПОДНЫРНУТЬ	114568-N	ВПРЫСНУТЬ
ПОДНЫРНУТЬ	127049-N	НАГЛЕТЬ, ОБНАГЛЕТЬ
ПОДНЫРНУТЬ	111114-N	НАКАЛИТЬСЯ, РАСКАЛИТЬСЯ
ПОДРАЗДЕЛЯТЬСЯ	111994-N	ДЕЛИТЬСЯ НА ЧАСТИ
ПОДРАЗДЕЛЯТЬСЯ	119903-N	ЛОМАТЬСЯ НА ЧАСТИ
ПОДРАЗДЕЛЯТЬСЯ	120181-N	СВЕРНУТЬСЯ (СЛОМАТЬСЯ)
ПОДРАЗДЕЛЯТЬСЯ	118456-N	ПОДРАЗДЕЛИТЬ
ПОДРАЗДЕЛЯТЬСЯ	133673-N	ПЕРЕРАСПРЕДЕЛИТЬ
ПОДРАЗДЕЛЯТЬСЯ	123460-N	ВДАТЬСЯ В РАССУЖДЕНИЯ
ПОДРАЗДЕЛЯТЬСЯ	120458-N	РАЗНЕСТИ (РАСПРОСТРАНИТЬ)
ПОДРАЗДЕЛЯТЬСЯ	117126-N	ПЕРЕДРАЗНИТЬ
ПОДРАЗДЕЛЯТЬСЯ	149785-N	РАЗДУТЬ В РАЗНЫЕ СТОРОНЫ
ПОДРАЗДЕЛЯТЬСЯ	118191-N	РАЗРОВНЯТЬ
ПОДСЕКАТЬ	115874-N	ПОДСУНУТЬ НЕЗАМЕТНО
ПОДСЕКАТЬ	119994-N	ПОДСЕЛИТЬ
ПОДСЕКАТЬ	115870-N	ПОДСУНУТЬ, СУНУТЬ ПОД
ПОДСЕКАТЬ	133933-N	ПОДСТЕЛИТЬ ВНИЗУ
ПОДСЕКАТЬ	133754-N	ПОДВЕСТИ, ПОДКАЧАТЬ
ПОДСЕКАТЬ	117294-N	ПОДКОСИТЬ (ДОБАВИТЬ)
ПОДСЕКАТЬ	113655-N	СЛАСТИТЬ
ПОДСЕКАТЬ	133963-N	ПОДСТЕГНУТЬ (ПРИСТЕГНУТЬ СНИЗУ)
ПОДСЕКАТЬ	117287-N	ПОДКАТИТЬ (ПРИБЛИЗИТЬ)
ПОДСЕКАТЬ	120389-N	НАНИЗАТЬ (НАДЕТЬ)
ПОДУЧИТЬСЯ	114820-N	ПРИУЧИТЬСЯ
ПОДУЧИТЬСЯ	118368-N	УПРАЖНЯТЬ, УПРАЖНЯТЬСЯ
ПОДУЧИТЬСЯ	108627-N	СОЛЬФЕДЖИО
ПОДУЧИТЬСЯ	120943-N	НАТАСКАТЬ (ПОВЕРХНОСТНО НАУЧИТЬ)
ПОДУЧИТЬСЯ	114819-N	ПРИУЧИТЬ
ПОДУЧИТЬСЯ	137386-N	БРАТЬ ВО ВНИМАНИЕ
ПОДУЧИТЬСЯ	116227-N	ЗАУЧИТЬ НА ПАМЯТЬ
ПОДУЧИТЬСЯ	117962-N	НАВЫК
ПОДУЧИТЬСЯ	120389-N	НАНИЗАТЬ (НАДЕТЬ)
ПОДУЧИТЬСЯ	118540-N	НАДУТЬ (НАНЕСТИ)
ПОЛУЛЕЖАТЬ	102266-N	ПОЛУЙ
ПОЛУЛЕЖАТЬ	114688-N	ПОЛДНИЧАТЬ
ПОЛУЛЕЖАТЬ	150431-N	ПОЛУВАГОН
ПОЛУЛЕЖАТЬ	120389-N	НАНИЗАТЬ (НАДЕТЬ)
ПОЛУЛЕЖАТЬ	118540-N	НАДУТЬ (НАНЕСТИ)
ПОЛУЛЕЖАТЬ	151821-N	ПОЛУПРОЗРАЧНЫЙ
ПОЛУЛЕЖАТЬ	144703-N	ПОЛ-ЛИТРА
ПОЛУЛЕЖАТЬ	124784-N	НАЛЕЧЬ, НАВАЛИТЬСЯ
ПОЛУЛЕЖАТЬ	140814-N	ОБОРВАТЬ ГОВОРЯЩЕГО
ПОЛУЛЕЖАТЬ	129722-N	ПОЛУКРУГ
ПОХМЕЛИТЬСЯ	134054-N	ПОХМЕЛЬЕ
ПОХМЕЛИТЬСЯ	130825-N	НЕМЕТЬ, ЗАНЕМЕТЬ
ПОХМЕЛИТЬСЯ	132930-N	НЕМЕТЬ, ЛИШИТЬСЯ РЕЧИ
ПОХМЕЛИТЬСЯ	111114-N	НАКАЛИТЬСЯ, РАСКАЛИТЬСЯ
ПОХМЕЛИТЬСЯ	118790-N	НАСМЕШЛИВЫЙ
ПОХМЕЛИТЬСЯ	116282-N	ГЛУМИТЬСЯ
ПОХМЕЛИТЬСЯ	119156-N	ХВАСТЛИВЫЙ, НЕСКРОМНЫЙ
ПОХМЕЛИТЬСЯ	123658-N	НАСЛЕГ
ПОХМЕЛИТЬСЯ	112072-N	РАЗОМКНУТЬСЯ
ПОХМЕЛИТЬСЯ	117014-N	НАЕСТЬСЯ, НАСЫТИТЬСЯ
ПРИВОДНИТЬСЯ	128293-N	ПРИГНАТЬ (ПРИВЕСТИ)
ПРИВОДНИТЬСЯ	116398-N	ПРИВЕСТИ К МЕСТУ
ПРИВОДНИТЬСЯ	115675-N	ПРИНЕСТИ (ДОСТАВИТЬ)
ПРИВОДНИТЬСЯ	134083-N	ПРИВОРОЖИТЬ (ПРИВЛЕЧЬ)
ПРИВОДНИТЬСЯ	115674-N	ПРИВЕЗТИ
ПРИВОДНИТЬСЯ	115526-N	ПРИЕХАТЬ
ПРИВОДНИТЬСЯ	138424-N	НАЕХАТЬ (ОКАЗЫВАТЬ ДАВЛЕНИЕ)
ПРИВОДНИТЬСЯ	121020-N	УВЕСТИ С СОБОЙ
ПРИВОДНИТЬСЯ	116521-N	ПРИЛАДИТЬ, ПРИГНАТЬ
ПРИВОДНИТЬСЯ	118288-N	НАВОДНИТЬ
ПРИГНУТЬ	128293-N	ПРИГНАТЬ (ПРИВЕСТИ)
ПРИГНУТЬ	137297-N	ПРИГЛАСИТЬ (ПРИВЛЕЧЬ)
ПРИГНУТЬ	119798-N	ЗАЗВАТЬ
ПРИГНУТЬ	116521-N	ПРИЛАДИТЬ, ПРИГНАТЬ
ПРИГНУТЬ	106972-N	ПРИЗВАТЬ, ОБРАТИТЬСЯ С ПРИЗЫВОМ
ПРИГНУТЬ	115690-N	ПРИТЯНУТЬ (ПРИДВИНУТЬ)
ПРИГНУТЬ	118540-N	НАДУТЬ (НАНЕСТИ)
ПРИГНУТЬ	120389-N	НАНИЗАТЬ (НАДЕТЬ)
ПРИГНУТЬ	143878-N	НАВЯЗАТЬ (ЗАСТАВИТЬ ПРИНЯТЬ)
ПРИГНУТЬ	132740-N	НАВЯЗАТЬ (ЗАСТАВИТЬ ВЗЯТЬ)
ПРИДУРИВАТЬСЯ	118540-N	НАДУТЬ (НАНЕСТИ)
ПРИДУРИВАТЬСЯ	112339-N	ПРИДРАТЬСЯ
ПРИДУРИВАТЬСЯ	116249-N	ПРУДИТЬ
ПРИДУРИВАТЬСЯ	120389-N	НАНИЗАТЬ (НАДЕТЬ)
ПРИДУРИВАТЬСЯ	124784-N	НАЛЕЧЬ, НАВАЛИТЬСЯ
ПРИДУРИВАТЬСЯ	111066-N	НАКЛОНИТЬСЯ, СКЛОНИТЬСЯ
ПРИДУРИВАТЬСЯ	138424-N	НАЕХАТЬ (ОКАЗЫВАТЬ ДАВЛЕНИЕ)
ПРИДУРИВАТЬСЯ	140441-N	БРАТЬ С СОБОЙ
ПРИДУРИВАТЬСЯ	110807-N	ПРИВИНТИТЬ
ПРИДУРИВАТЬСЯ	129276-N	ДЕРГАТЬСЯ (НЕПРОИЗВОЛЬНЫЕ ДВИЖЕНИЯ)
ПРИКОРНУТЬ	110797-N	ПРИКОЛОТЬ (ПРИКРЕПИТЬ)
ПРИКОРНУТЬ	111066-N	НАКЛОНИТЬСЯ, СКЛОНИТЬСЯ
ПРИКОРНУТЬ	118540-N	НАДУТЬ (НАНЕСТИ)
ПРИКОРНУТЬ	114793-N	ПРИКОСНУТЬСЯ, СЛЕГКА ДОТРОНУТЬСЯ
ПРИКОРНУТЬ	110808-N	ПРИБИТЬ, ПРИКОЛОТИТЬ
ПРИКОРНУТЬ	116521-N	ПРИЛАДИТЬ, ПРИГНАТЬ
ПРИКОРНУТЬ	118493-N	ПРЕКЛОНИТЬ
ПРИКОРНУТЬ	120389-N	НАНИЗАТЬ (НАДЕТЬ)
ПРИКОРНУТЬ	112765-N	ЗАТРОНУТЬ (ПРОНИКАЯ КОСНУТЬСЯ)
ПРИКОРНУТЬ	114248-N	НАКОВАЛЬНЯ
ПРИМОСТИТЬСЯ	106938-N	ПЕРЕМЕСТИТЬ
ПРИМОСТИТЬСЯ	111022-N	БРОСИТЬ (ПЕРЕМЕСТИТЬ)
ПРИМОСТИТЬСЯ	112004-N	РАЗБРОСАТЬ, РАСШВЫРЯТЬ
ПРИМОСТИТЬСЯ	112003-N	БРЫЗГАТЬ, РАЗБРАСЫВАТЬ БРЫЗГИ
ПРИМОСТИТЬСЯ	121041-N	РАЗБРЫЗГАТЬ, РАСПРЫСКАТЬ
ПРИМОСТИТЬСЯ	123574-N	РАСПЫЛИТЬ ЖИДКОСТЬ, ГАЗ
ПРИМОСТИТЬСЯ	111066-N	НАКЛОНИТЬСЯ, СКЛОНИТЬСЯ
ПРИМОСТИТЬСЯ	124784-N	НАЛЕЧЬ, НАВАЛИТЬСЯ
ПРИМОСТИТЬСЯ	118540-N	НАДУТЬ (НАНЕСТИ)
ПРИМОСТИТЬСЯ	140857-N	ПРИКОСНУТЬСЯ (СТАТЬ ПРИЧАСТНЫМ, УЗНАТЬ)
ПРИПЛЮСНУТЬ	110809-N	ПРИБАВИТЬ (УВЕЛИЧИТЬ)
ПРИПЛЮСНУТЬ	122087-N	НАБАВИТЬ, НАДБАВИТЬ
ПРИПЛЮСНУТЬ	117503-N	ПРИБАВИТЬСЯ (УВЕЛИЧИТЬСЯ)
ПРИПЛЮСНУТЬ	120899-N	ДОДАТЬ
ПРИПЛЮСНУТЬ	130936-N	ДОПОЛНИТЬ, ВНЕСТИ ДОПОЛНЕНИЕ
ПРИПЛЮСНУТЬ	138531-N	ПРИВНЕСТИ (ВНЕСТИ ДОПОЛНИТЕЛЬНОЕ)
ПРИПЛЮСНУТЬ	114786-N	ВНЕСТИ (ВКЛЮЧИТЬ, ДОБАВИТЬ)
ПРИПЛЮСНУТЬ	111668-N	ПРИСОЕДИНИТЬ
ПРИПЛЮСНУТЬ	111983-N	ДОБАВИТЬ
ПРИПЛЮСНУТЬ	115872-N	ПОДЛОЖИТЬ (ДОБАВИТЬ)
ПРИСЛОНИТЬ	111066-N	НАКЛОНИТЬСЯ, СКЛОНИТЬСЯ
ПРИСЛОНИТЬ	130053-N	ВИРАЖ (ПОВОРОТ С КРЕНОМ)
ПРИСЛОНИТЬ	118493-N	ПРЕКЛОНИТЬ
ПРИСЛОНИТЬ	115872-N	ПОДЛОЖИТЬ (ДОБАВИТЬ)
ПРИСЛОНИТЬ	124784-N	НАЛЕЧЬ, НАВАЛИТЬСЯ
ПРИСЛОНИТЬ	116521-N	ПРИЛАДИТЬ, ПРИГНАТЬ
ПРИСЛОНИТЬ	111090-N	НАКЛОНИТЬ, СКЛОНИТЬ
ПРИСЛОНИТЬ	129098-N	СКЛОНЯТЬ СЛОВО
ПРИСЛОНИТЬ	120746-N	ПРИЛОЖИТЬ (ПРИБЛИЗИТЬ ВПЛОТНУЮ)
ПРИСЛОНИТЬ	120090-N	ПРИСТАВИТЬ, ПОСТАВИТЬ ВПЛОТНУЮ
ПРИХОРАШИВАТЬСЯ	120799-N	ПРОЩУПАТЬ, НАЩУПАТЬ
ПРИХОРАШИВАТЬСЯ	111066-N	НАКЛОНИТЬСЯ, СКЛОНИТЬСЯ
ПРИХОРАШИВАТЬСЯ	140857-N	ПРИКОСНУТЬСЯ (СТАТЬ ПРИЧАСТНЫМ, УЗНАТЬ)
ПРИХОРАШИВАТЬСЯ	111813-N	ПЕРЕСПРОСИТЬ
ПРИХОРАШИВАТЬСЯ	140441-N	БРАТЬ С СОБОЙ
ПРИХОРАШИВАТЬСЯ	114793-N	ПРИКОСНУТЬСЯ, СЛЕГКА ДОТРОНУТЬСЯ
ПРИХОРАШИВАТЬСЯ	121356-N	ЗАВИХРИТЬСЯ
ПРИХОРАШИВАТЬСЯ	123775-N	НАЛАДИТЬСЯ, ПОЙТИ НА ЛАД
ПРИХОРАШИВАТЬСЯ	120389-N	НАНИЗАТЬ (НАДЕТЬ)
ПРИХОРАШИВАТЬСЯ	137760-N	ПРИСЛУШАТЬСЯ К СЕБЕ
ПРИШПИЛИТЬ	118540-N	НАДУТЬ (НАНЕСТИ)
ПРИШПИЛИТЬ	127068-N	НАКИПЬ (ПЕНА)
ПРИШПИЛИТЬ	120389-N	НАНИЗАТЬ (НАДЕТЬ)
ПРИШПИЛИТЬ	117671-N	ВСПЫЛИТЬ
ПРИШПИЛИТЬ	110808-N	ПРИБИТЬ, ПРИКОЛОТИТЬ
ПРИШПИЛИТЬ	119750-N	НАПУСТИТЬ (НАПРАВИТЬ ДЛЯ НАПАДЕНИЯ)
ПРИШПИЛИТЬ	113655-N	СЛАСТИТЬ
ПРИШПИЛИТЬ	111671-N	ПРИЛИПНУТЬ, НАЛИПНУТЬ
ПРИШПИЛИТЬ	115874-N	ПОДСУНУТЬ НЕЗАМЕТНО
ПРИШПИЛИТЬ	118317-N	НАНЕСТИ (ОТМЕТИТЬ, НАЧЕРТИТЬ)
ПРОДЛЯТЬ	107599-N	ПРОДОЛЖАТЬ
ПРОДЛЯТЬ	143355-N	ЗАЦИКЛИТЬСЯ НА ОДНОМ И ТОМ ЖЕ
ПРОДЛЯТЬ	107600-N	ПРОДОЛЖАТЬСЯ, ДЛИТЬСЯ
ПРОДЛЯТЬ	134162-N	ПРОДОЛГОВАТЫЙ
ПРОДЛЯТЬ	121219-N	ПРОТЯНУТЬ В РУКЕ
ПРОДЛЯТЬ	130952-N	ПРОТЯНУТЬ (ВЫТЯГИВАЯ ВЫСТАВИТЬ)
ПРОДЛЯТЬ	120389-N	НАНИЗАТЬ (НАДЕТЬ)
ПРОДЛЯТЬ	106721-N	УДЛИНИТЬ, УВЕЛИЧИТЬ ПРОДОЛЖИТЕЛЬНОСТЬ
ПРОДЛЯТЬ	118540-N	НАДУТЬ (НАНЕСТИ)
ПРОДЛЯТЬ	104882-N	НАНТ
ПРОМУЛЬГИРОВАТЬ	115874-N	ПОДСУНУТЬ НЕЗАМЕТНО
ПРОМУЛЬГИРОВАТЬ	145520-N	ЭМУЛЬГАТОР
ПРОМУЛЬГИРОВАТЬ	117826-N	УВЛАЖНИТЬ
ПРОМУЛЬГИРОВАТЬ	113220-N	ПООЩРИТЬ
ПРОМУЛЬГИРОВАТЬ	129213-N	СТИМУЛИРОВАТЬ, ДАТЬ СТИМУЛ
ПРОМУЛЬГИРОВАТЬ	138142-N	ПРОДЮСИРОВАТЬ
ПРОМУЛЬГИРОВАТЬ	106636-N	УСИЛИТЬ (УВЕЛИЧИТЬ СИЛУ)
ПРОМУЛЬГИРОВАТЬ	112052-N	ИМПРОВИЗИРОВАТЬ
ПРОМУЛЬГИРОВАТЬ	119197-N	ПОДХВАТИТЬ НАЧАТОЕ
ПРОМУЛЬГИРОВАТЬ	118540-N	НАДУТЬ (НАНЕСТИ)
ПРОТОКОЛИРОВАТЬ	149236-N	ПРОТОКОЛ ПЕРЕДАЧИ ДАННЫХ
ПРОТОКОЛИРОВАТЬ	139707-N	ПРОТОКОЛ ОБМЕНА ДАННЫМИ
ПРОТОКОЛИРОВАТЬ	143898-N	ПРОТОКОЛ (ДОКУМЕНТ, УДОСТОВЕРЯЮЩИЙ ФАКТ)
ПРОТОКОЛИРОВАТЬ	123872-N	ПРОТОКОЛ ЗАСЕДАНИЯ, БЕСЕДЫ
ПРОТОКОЛИРОВАТЬ	111856-N	ПРОТОЧИТЬ (ПРОЕСТЬ)
ПРОТОКОЛИРОВАТЬ	7433-N	ПРОТОКОЛЬНЫЕ МЕРОПРИЯТИЯ
ПРОТОКОЛИРОВАТЬ	143859-N	НОРМАЛИЗОВАТЬ
ПРОТОКОЛИРОВАТЬ	120762-N	СООБЩИТЬСЯ, ПЕРЕДАТЬСЯ
ПРОТОКОЛИРОВАТЬ	123502-N	ПОСТУПИТЬ ПО НАЗНАЧЕНИЮ
ПРОТОКОЛИРОВАТЬ	117575-N	ПРОВОДИТЬ (ПРОСТИТЬСЯ)
ПРОТОРИТЬ	111856-N	ПРОТОЧИТЬ (ПРОЕСТЬ)
ПРОТОРИТЬ	116773-N	ПРОТЕРЕТЬ ДЫРУ
ПРОТОРИТЬ	112745-N	ПРОРЕЗЬ (ОТВЕРСТИЕ)
ПРОТОРИТЬ	142386-N	ПРОРВАТЬ НАПОРОМ
ПРОТОРИТЬ	153757-N	ПРОЙТИ (СПРАВИТЬСЯ)
ПРОТОРИТЬ	116189-N	ПРОРЕЗАТЬСЯ НАРУЖУ
ПРОТОРИТЬ	111436-N	ПРОПИТАТЬ (НАСЫТИТЬ)
ПРОТОРИТЬ	113999-N	ПРОНИЗАТЬ
ПРОТОРИТЬ	139436-N	ПРОСОЧИТЬСЯ (НЕЗАМЕТНО ПРОБРАТЬСЯ)
ПРОТОРИТЬ	117575-N	ПРОВОДИТЬ (ПРОСТИТЬСЯ)
ПУДРИТЬ	116249-N	ПРУДИТЬ
ПУДРИТЬ	118540-N	НАДУТЬ (НАНЕСТИ)
ПУДРИТЬ	118288-N	НАВОДНИТЬ
ПУДРИТЬ	116946-N	ПОПРАТЬ
ПУДРИТЬ	109169-N	ПУДИНГ
ПУДРИТЬ	127068-N	НАКИПЬ (ПЕНА)
ПУДРИТЬ	120389-N	НАНИЗАТЬ (НАДЕТЬ)
ПУДРИТЬ	115964-N	ВТЕРЕТЬ
ПУДРИТЬ	142386-N	ПРОРВАТЬ НАПОРОМ
ПУДРИТЬ	111874-N	ВЫКУРИТЬ НАРУЖУ
РАЗВАРИТЬ	140589-N	РАЗВАЛИТЬ (РАЗРУШИТЬ)
РАЗВАРИТЬ	110480-N	РАЗОЧАРОВАТЬ
РАЗВАРИТЬ	112045-N	ПОДДЕЛАТЬ
РАЗВАРИТЬ	115540-N	НАДОРВАТЬСЯ (РАЗОРВАТЬСЯ)
РАЗВАРИТЬ	123460-N	ВДАТЬСЯ В РАССУЖДЕНИЯ
РАЗВАРИТЬ	116836-N	ДАВИТЬ НАСЕКОМЫХ
РАЗВАРИТЬ	115539-N	РАЗОРВАТЬСЯ НА ЧАСТИ
РАЗВАРИТЬ	117338-N	РАЗДУТЬ (НАМЕРЕННО ПРЕУВЕЛИЧИТЬ)
РАЗВАРИТЬ	118046-N	НАРУШИТЬСЯ
РАЗВАРИТЬ	112071-N	РАЗОМКНУТЬ
РАЗГИБАТЬСЯ	112072-N	РАЗОМКНУТЬСЯ
РАЗГИБАТЬСЯ	128663-N	РАЗОГНАТЬСЯ (УСКОРИТЬСЯ)
РАЗГИБАТЬСЯ	111101-N	НАГРЕТЬСЯ
РАЗГИБАТЬСЯ	112071-N	РАЗОМКНУТЬ
РАЗГИБАТЬСЯ	139682-N	РАЗБЕЖАТЬСЯ (РАЗОГНАТЬСЯ)
РАЗГИБАТЬСЯ	115715-N	ВЫБЕЖАТЬ НАРУЖУ
РАЗГИБАТЬСЯ	115994-N	ОТМАХНУТЬСЯ (ОТОГНАТЬ)
РАЗГИБАТЬСЯ	128646-N	РАЗЛЕЖИВАТЬСЯ БЕЗ ДЕЛА
РАЗГИБАТЬСЯ	128603-N	РАССЕЯТЬСЯ, РАЗВЛЕЧЬСЯ
РАЗГИБАТЬСЯ	115972-N	РАЗДВИНУТЬ (ОТКРЫТЬ)
РАЗГОВЕТЬСЯ	106781-N	РАЗГОВОР, БЕСЕДА
РАЗГОВЕТЬСЯ	107480-N	ДИАЛОГ (РАЗГОВОР)
РАЗГОВЕТЬСЯ	107522-N	ПОГОВОРКА
РАЗГОВЕТЬСЯ	124610-N	РАЗМОЛВКА (НЕБОЛЬШАЯ ССОРА)
РАЗГОВЕТЬСЯ	107181-N	КЛЕВЕТАТЬ
РАЗГОВЕТЬСЯ	143591-N	РАЗГОВОРНЫЙ ЖАНР
РАЗГОВЕТЬСЯ	123924-N	РАЗБРЕСТИСЬ В РАЗНЫЕ СТОРОНЫ
РАЗГОВЕТЬСЯ	140814-N	ОБОРВАТЬ ГОВОРЯЩЕГО
РАЗГОВЕТЬСЯ	137945-N	ЗАГОВОРИТЬ (ЗАКОЛДОВАТЬ)
РАЗГОВЕТЬСЯ	148209-N	НАНАЙСКИЙ ЯЗЫК
РАЗЕВАТЬ	115539-N	РАЗОРВАТЬСЯ НА ЧАСТИ
РАЗЕВАТЬ	115540-N	НАДОРВАТЬСЯ (РАЗОРВАТЬСЯ)
РАЗЕВАТЬ	116836-N	ДАВИТЬ НАСЕКОМЫХ
РАЗЕВАТЬ	117342-N	ПОДРОБНО РАЗЖЕВАТЬ
РАЗЕВАТЬ	117338-N	РАЗДУТЬ (НАМЕРЕННО ПРЕУВЕЛИЧИТЬ)
РАЗЕВАТЬ	117993-N	РАЗГЛАДИТЬ
РАЗЕВАТЬ	115538-N	НАДОРВАТЬ (НЕ ДО КОНЦА РАЗОРВАТЬ)
РАЗЕВАТЬ	123460-N	ВДАТЬСЯ В РАССУЖДЕНИЯ
РАЗЕВАТЬ	111688-N	РАЗЪЕДИНИТЬСЯ
РАЗЕВАТЬ	119881-N	РАЗЖАТЬСЯ
РАЗМЕЧТАТЬСЯ	112072-N	РАЗОМКНУТЬСЯ
РАЗМЕЧТАТЬСЯ	120570-N	ЗАДУМАТЬ, ЗАМЫСЛИТЬ
РАЗМЕЧТАТЬСЯ	123460-N	ВДАТЬСЯ В РАССУЖДЕНИЯ
РАЗМЕЧТАТЬСЯ	112071-N	РАЗОМКНУТЬ
РАЗМЕЧТАТЬСЯ	120389-N	НАНИЗАТЬ (НАДЕТЬ)
РАЗМЕЧТАТЬСЯ	113444-N	ПРИДУМАТЬ НОВОЕ
РАЗМЕЧТАТЬСЯ	111114-N	НАКАЛИТЬСЯ, РАСКАЛИТЬСЯ
РАЗМЕЧТАТЬСЯ	111997-N	РАЗМОТАТЬ
РАЗМЕЧТАТЬСЯ	105543-N	НАЗРАНЬ
РАЗМЕЧТАТЬСЯ	116045-N	НАКАТИТЬ (ПОМЕСТИТЬ)
РАЗМОРИТЬ	117923-N	РАССМОТРЕТЬ (ОСМОТРЕТЬ)
РАЗМОРИТЬ	118593-N	ЛЮБОВАТЬСЯ
РАЗМОРИТЬ	105543-N	НАЗРАНЬ
РАЗМОРИТЬ	123460-N	ВДАТЬСЯ В РАССУЖДЕНИЯ
РАЗМОРИТЬ	112071-N	РАЗОМКНУТЬ
РАЗМОРИТЬ	129338-N	ВЫСМОТРЕТЬ, УГЛЯДЕТЬ
РАЗМОРИТЬ	112072-N	РАЗОМКНУТЬСЯ
РАЗМОРИТЬ	106906-N	ЗРЕНИЕ
РАЗМОРИТЬ	117989-N	ОГЛЯНУТЬСЯ, ПОСМОТРЕТЬ НАЗАД
РАЗМОРИТЬ	120389-N	НАНИЗАТЬ (НАДЕТЬ)
РАЗОНРАВИТЬСЯ	115540-N	НАДОРВАТЬСЯ (РАЗОРВАТЬСЯ)
РАЗОНРАВИТЬСЯ	115539-N	РАЗОРВАТЬСЯ НА ЧАСТИ
РАЗОНРАВИТЬСЯ	130547-N	ВЫТЕРЕТЬСЯ ОТ НОСКИ
РАЗОНРАВИТЬСЯ	115538-N	НАДОРВАТЬ (НЕ ДО КОНЦА РАЗОРВАТЬ)
РАЗОНРАВИТЬСЯ	121257-N	РАЗДЕТЬСЯ
РАЗОНРАВИТЬСЯ	116836-N	ДАВИТЬ НАСЕКОМЫХ
РАЗОНРАВИТЬСЯ	112072-N	РАЗОМКНУТЬСЯ
РАЗОНРАВИТЬСЯ	123460-N	ВДАТЬСЯ В РАССУЖДЕНИЯ
РАЗОНРАВИТЬСЯ	118374-N	ОБНАРУЖИТЬСЯ, НАЙТИСЬ
РАЗОНРАВИТЬСЯ	117993-N	РАЗГЛАДИТЬ
РАЗУТЬ	120276-N	РАЗУВЕРИТЬСЯ
РАЗУТЬ	116891-N	РАСХИТИТЬ
РАЗУТЬ	111114-N	НАКАЛИТЬСЯ, РАСКАЛИТЬСЯ
РАЗУТЬ	130469-N	РАСПУТАТЬ СПУТАННОЕ
РАЗУТЬ	128808-N	РАСПУТАТЬ (РАЗОБРАТЬСЯ)
РАЗУТЬ	105543-N	НАЗРАНЬ
РАЗУТЬ	103889-N	НАЗАРЕТ
РАЗУТЬ	112072-N	РАЗОМКНУТЬСЯ
РАЗУТЬ	120389-N	НАНИЗАТЬ (НАДЕТЬ)
РАЗУТЬ	120799-N	ПРОЩУПАТЬ, НАЩУПАТЬ
РАСКОВАТЬ	134432-N	РАСКАТИТЬ (РАЗДВИНУТЬ)
РАСКОВАТЬ	134454-N	РАСКИНУТЬ В СТОРОНЫ
РАСКОВАТЬ	116349-N	РАСПАХНУТЬ
РАСКОВАТЬ	143607-N	РАСЧЕСАТЬ (ПОВРЕДИТЬ)
РАСКОВАТЬ	134464-N	РАСТЕРЕТЬСЯ, СДЕЛАТЬ РАСТИРАНИЕ
РАСКОВАТЬ	111114-N	НАКАЛИТЬСЯ, РАСКАЛИТЬСЯ
РАСКОВАТЬ	114568-N	ВПРЫСНУТЬ
РАСКОВАТЬ	115540-N	НАДОРВАТЬСЯ (РАЗОРВАТЬСЯ)
РАСКОВАТЬ	134434-N	РАСКАЧАТЬ (КАЧАТЬ)
РАСКОВАТЬ	130469-N	РАСПУТАТЬ СПУТАННОЕ
РАСПАРИТЬ	130469-N	РАСПУТАТЬ СПУТАННОЕ
РАСПАРИТЬ	123460-N	ВДАТЬСЯ В РАССУЖДЕНИЯ
РАСПАРИТЬ	118191-N	РАЗРОВНЯТЬ
РАСПАРИТЬ	120458-N	РАЗНЕСТИ (РАСПРОСТРАНИТЬ)
РАСПАРИТЬ	134464-N	РАСТЕРЕТЬСЯ, СДЕЛАТЬ РАСТИРАНИЕ
РАСПАРИТЬ	115539-N	РАЗОРВАТЬСЯ НА ЧАСТИ
РАСПАРИТЬ	128808-N	РАСПУТАТЬ (РАЗОБРАТЬСЯ)
РАСПАРИТЬ	116349-N	РАСПАХНУТЬ
РАСПАРИТЬ	128802-N	РАССЕЯТЬСЯ (РАСПОЛОЖИТЬСЯ)
РАСПАРИТЬ	134347-N	РАССЕЯТЬ (РАЗОГНАТЬ В РАЗНЫЕ СТОРОНЫ)
РАСПЕРЕЖИВАТЬСЯ	117345-N	СОПЕРЕЖИВАТЬ
РАСПЕРЕЖИВАТЬСЯ	111813-N	ПЕРЕСПРОСИТЬ
РАСПЕРЕЖИВАТЬСЯ	115913-N	ПЕРЕУБЕДИТЬСЯ
РАСПЕРЕЖИВАТЬСЯ	128431-N	ОБЕЗВРЕДИТЬ
РАСПЕРЕЖИВАТЬСЯ	114426-N	СОПРОТИВЛЯТЬСЯ
РАСПЕРЕЖИВАТЬСЯ	118449-N	ИЗБЕГАТЬ, СТОРОНИТЬСЯ
РАСПЕРЕЖИВАТЬСЯ	106595-N	ОБЕРЕГАТЬ, ЗАЩИЩАТЬ
РАСПЕРЕЖИВАТЬСЯ	140441-N	БРАТЬ С СОБОЙ
РАСПЕРЕЖИВАТЬСЯ	117785-N	ОТСТОЯТЬ ОТ ПОСЯГАТЕЛЬСТВ
РАСПЕРЕЖИВАТЬСЯ	117740-N	ВЫПРЯМИТЬСЯ
РАСПЛАСТАТЬСЯ	116471-N	РАСПЛЕСТИ
РАСПЛАСТАТЬСЯ	142402-N	РАСПУСТИТЬ ВЯЗАНИЕ
РАСПЛАСТАТЬСЯ	111114-N	НАКАЛИТЬСЯ, РАСКАЛИТЬСЯ
РАСПЛАСТАТЬСЯ	120979-N	РАСПАСТЬСЯ (РАЗВАЛИТЬСЯ)
РАСПЛАСТАТЬСЯ	134464-N	РАСТЕРЕТЬСЯ, СДЕЛАТЬ РАСТИРАНИЕ
РАСПЛАСТАТЬСЯ	130469-N	РАСПУТАТЬ СПУТАННОЕ
РАСПЛАСТАТЬСЯ	117740-N	ВЫПРЯМИТЬСЯ
РАСПЛАСТАТЬСЯ	113655-N	СЛАСТИТЬ
РАСПЛАСТАТЬСЯ	116349-N	РАСПАХНУТЬ
РАСПЛАСТАТЬСЯ	110723-N	РАСПЛЕСКАТЬ
РАСТОЧИТЬ	128662-N	РАЗНЯТЬ, РАСТАЩИТЬ
РАСТОЧИТЬ	137235-N	РАСТОЧИТЕЛЬНЫЙ
РАСТОЧИТЬ	121061-N	РАСТЯНУТЬ ПО ВРЕМЕНИ
РАСТОЧИТЬ	134463-N	РАСТАЩИТЬ (УНЕСТИ ПО ЧАСТЯМ, РАЗЪЕДИНИТЬ)
РАСТОЧИТЬ	121301-N	РАСТОЛКАТЬ СПЯЩЕГО
РАСТОЧИТЬ	134464-N	РАСТЕРЕТЬСЯ, СДЕЛАТЬ РАСТИРАНИЕ
РАСТОЧИТЬ	141429-N	РАСТАЯТЬ (РАСТРОГАТЬСЯ)
РАСТОЧИТЬ	134193-N	РАСТОЛКАТЬ В РАЗНЫЕ СТОРОНЫ
РАСТОЧИТЬ	111680-N	РАСТВОРИТЬ ВЕЩЕСТВО
РАСТОЧИТЬ	115943-N	РАСТИ, ПРОИЗРАСТАТЬ
РАСЧЕХЛИТЬ	143607-N	РАСЧЕСАТЬ (ПОВРЕДИТЬ)
РАСЧЕХЛИТЬ	116349-N	РАСПАХНУТЬ
РАСЧЕХЛИТЬ	117781-N	РАСЩЕПИТЬ (РАЗДЕЛИТЬ НА ЧАСТИ)
РАСЧЕХЛИТЬ	134464-N	РАСТЕРЕТЬСЯ, СДЕЛАТЬ РАСТИРАНИЕ
РАСЧЕХЛИТЬ	112071-N	РАЗОМКНУТЬ
РАСЧЕХЛИТЬ	112072-N	РАЗОМКНУТЬСЯ
РАСЧЕХЛИТЬ	134463-N	РАСТАЩИТЬ (УНЕСТИ ПО ЧАСТЯМ, РАЗЪЕДИНИТЬ)
РАСЧЕХЛИТЬ	116891-N	РАСХИТИТЬ
РАСЧЕХЛИТЬ	140864-N	РАЗОБРАТЬ, РАСХВАТАТЬ
РАСЧЕХЛИТЬ	117342-N	ПОДРОБНО РАЗЖЕВАТЬ
РЕКВИЗИРОВАТЬ	143058-N	РЕКВИЗИТ (ПРЕДМЕТЫ)
РЕКВИЗИРОВАТЬ	120912-N	РЕЦЕНЗИРОВАТЬ
РЕКВИЗИРОВАТЬ	131792-N	ИСКУПИТЬ ВИНУ
РЕКВИЗИРОВАТЬ	106541-N	ПЕРЕЧИСЛИТЬ (НАЗВАТЬ)
РЕКВИЗИРОВАТЬ	112242-N	РЕАБИЛИТИРОВАТЬ
РЕКВИЗИРОВАТЬ	133634-N	ПЕРЕИНАЧИТЬ
РЕКВИЗИРОВАТЬ	112052-N	ИМПРОВИЗИРОВАТЬ
РЕКВИЗИРОВАТЬ	149583-N	РЕБРЕНДИНГ
РЕКВИЗИРОВАТЬ	113351-N	ВЫВЕСИТЬ (ПРОВЕРИТЬ)
РЕКВИЗИРОВАТЬ	142931-N	РАЗГЕРМЕТИЗИРОВАТЬ
РУСЕТЬ	100834-N	РОСЬ
РУСЕТЬ	118540-N	НАДУТЬ (НАНЕСТИ)
РУСЕТЬ	120389-N	НАНИЗАТЬ (НАДЕТЬ)
РУСЕТЬ	111114-N	НАКАЛИТЬСЯ, РАСКАЛИТЬСЯ
РУСЕТЬ	112401-N	ШУРШАТЬ
РУСЕТЬ	100782-N	РУСТАВИ
РУСЕТЬ	4290-N	РУЖЬЕ
РУСЕТЬ	109181-N	РЫСАК
РУСЕТЬ	104882-N	НАНТ
РУСЕТЬ	113311-N	НАРЕЗ
РЯВКНУТЬ	111114-N	НАКАЛИТЬСЯ, РАСКАЛИТЬСЯ
РЯВКНУТЬ	112072-N	РАЗОМКНУТЬСЯ
РЯВКНУТЬ	120618-N	ГРОХНУТЬСЯ, УПАСТЬ С ШУМОМ
РЯВКНУТЬ	112071-N	РАЗОМКНУТЬ
РЯВКНУТЬ	118540-N	НАДУТЬ (НАНЕСТИ)
РЯВКНУТЬ	116564-N	СБРЫЗНУТЬ
РЯВКНУТЬ	130352-N	ВЫВОЛОЧЬ НАРУЖУ
РЯВКНУТЬ	120864-N	СПОТКНУТЬСЯ  (НЕУДАЧНО ШАГНУТЬ)
РЯВКНУТЬ	117002-N	КЛЯНЧИТЬ
РЯВКНУТЬ	129276-N	ДЕРГАТЬСЯ (НЕПРОИЗВОЛЬНЫЕ ДВИЖЕНИЯ)
СГРУДИТЬСЯ	117677-N	СЛОЖИТЬСЯ, СБРОСИТЬСЯ
СГРУДИТЬСЯ	119493-N	СГУСТИТЬСЯ
СГРУДИТЬСЯ	116249-N	ПРУДИТЬ
СГРУДИТЬСЯ	120389-N	НАНИЗАТЬ (НАДЕТЬ)
СГРУДИТЬСЯ	140726-N	ПОГРУЗИТЬ В СОСТОЯНИЕ
СГРУДИТЬСЯ	118540-N	НАДУТЬ (НАНЕСТИ)
СГРУДИТЬСЯ	124516-N	СЛОЖИТЬ (ПЕРЕГНУТЬ)
СГРУДИТЬСЯ	124784-N	НАЛЕЧЬ, НАВАЛИТЬСЯ
СГРУДИТЬСЯ	115234-N	СЛОЖИТЬ В ОДНОМ МЕСТЕ
СГРУДИТЬСЯ	118721-N	СТЕЧЬСЯ (СОЕДИНИТЬСЯ)
СЕРЕБРИТЬ	3274-N	СЕРЕБРО
СЕРЕБРИТЬ	114663-N	ВЕСЕЛИТЬ
СЕРЕБРИТЬ	2190-N	ПРАЗДНОВАНИЕ
СЕРЕБРИТЬ	119937-N	ПРАЗДНЫЙ (БЕСЦЕЛЬНЫЙ)
СЕРЕБРИТЬ	100869-N	СЕРЕТ
СЕРЕБРИТЬ	119738-N	ЦЕРЕМОНИТЬСЯ (СТЕСНЯТЬСЯ)
СЕРЕБРИТЬ	117661-N	ЗВЕРЕТЬ
СЕРЕБРИТЬ	146977-N	СЕРФИНГ
СЕРЕБРИТЬ	107181-N	КЛЕВЕТАТЬ
СЕРЕБРИТЬ	119655-N	СОЗЕРЦАТЬ
СКАЛИТЬСЯ	111114-N	НАКАЛИТЬСЯ, РАСКАЛИТЬСЯ
СКАЛИТЬСЯ	115157-N	СКАТИТЬ ВНИЗ
СКАЛИТЬСЯ	111112-N	РАСКАЛИТЬ
СКАЛИТЬСЯ	107633-N	СКАЛА
СКАЛИТЬСЯ	124784-N	НАЛЕЧЬ, НАВАЛИТЬСЯ
СКАЛИТЬСЯ	130180-N	ВСКОЧИТЬ (ОБРАЗОВАТЬСЯ)
СКАЛИТЬСЯ	111066-N	НАКЛОНИТЬСЯ, СКЛОНИТЬСЯ
СКАЛИТЬСЯ	123491-N	ПРОСТУПИТЬ НА ПОВЕРХНОСТЬ
СКАЛИТЬСЯ	117484-N	ВЗОЙТИ, ПОДНЯТЬСЯ ПЕШКОМ
СКАЛИТЬСЯ	111031-N	ВАЛИТЬСЯ
СКОВЫРНУТЬ	115540-N	НАДОРВАТЬСЯ (РАЗОРВАТЬСЯ)
СКОВЫРНУТЬ	115538-N	НАДОРВАТЬ (НЕ ДО КОНЦА РАЗОРВАТЬ)
СКОВЫРНУТЬ	116564-N	СБРЫЗНУТЬ
СКОВЫРНУТЬ	111874-N	ВЫКУРИТЬ НАРУЖУ
СКОВЫРНУТЬ	116188-N	ПРОРВАТЬ ОТВЕРСТИЕ
СКОВЫРНУТЬ	142386-N	ПРОРВАТЬ НАПОРОМ
СКОВЫРНУТЬ	137421-N	НИЗВЕРГНУТЬСЯ, ОБРУШИТЬСЯ
СКОВЫРНУТЬ	129004-N	ИСКРИВИТЬ (ИЗОГНУТЬ)
СКОВЫРНУТЬ	116349-N	РАСПАХНУТЬ
СКОВЫРНУТЬ	130547-N	ВЫТЕРЕТЬСЯ ОТ НОСКИ
СКУЧИТЬ	149602-N	УТРАТИТЬ СВОЙСТВО
СКУЧИТЬ	132930-N	НЕМЕТЬ, ЛИШИТЬСЯ РЕЧИ
СКУЧИТЬ	127193-N	ОПУСТЕТЬ, СТАТЬ ПУСТЫМ
СКУЧИТЬ	119466-N	ОПУСТИТЬ (СКЛОНИТЬ, НАКЛОНИТЬ)
СКУЧИТЬ	127194-N	ОБЕЗЛЮДЕТЬ
СКУЧИТЬ	123877-N	СДУТЬ (УДАЛИТЬ)
СКУЧИТЬ	119337-N	ЗАБЫТЬ ВЗЯТЬ
СКУЧИТЬ	151384-N	ОПУСТОШИТЬ ДУШУ
СКУЧИТЬ	118439-N	УНЫВАТЬ
СКУЧИТЬ	108824-N	ОПУСТИТЬ ВНИЗ
СМОЛИТЬ	107345-N	МОЛИТЬ
СМОЛИТЬ	117624-N	ВЫМОЛИТЬ (ВЫПРОСИТЬ МОЛЬБАМИ)
СМОЛИТЬ	111062-N	НАМАЗ
СМОЛИТЬ	107344-N	ПРОСИТЬ, ОБРАЩАТЬСЯ С ПРОСЬБОЙ
СМОЛИТЬ	111066-N	НАКЛОНИТЬСЯ, СКЛОНИТЬСЯ
СМОЛИТЬ	111401-N	КЛАНЯТЬСЯ, ДЕЛАТЬ ПОКЛОН
СМОЛИТЬ	7553-N	МОЛИТВА
СМОЛИТЬ	104882-N	НАНТ
СМОЛИТЬ	120349-N	НАСЕСТЬ С ПРОСЬБОЙ
СМОЛИТЬ	116735-N	ВЫПРОСИТЬ
СНЕЖИТЬ	126782-N	СНЕГОПАД
СНЕЖИТЬ	109325-N	ВЬЮГА
СНЕЖИТЬ	154066-N	ЗАНЕСТИ СНЕГОМ
СНЕЖИТЬ	120389-N	НАНИЗАТЬ (НАДЕТЬ)
СНЕЖИТЬ	143224-N	СНЕЖИНКА
СНЕЖИТЬ	118540-N	НАДУТЬ (НАНЕСТИ)
СНЕЖИТЬ	108072-N	СНЕГИРЬ
СНЕЖИТЬ	3953-N	СНЕГ
СНЕЖИТЬ	111378-N	ЛЫЖНЯ
СНЕЖИТЬ	136425-N	СНЕЖНЫЙ ЧЕЛОВЕК
СПЕЧЬСЯ	109860-N	СЫПЬ
СПЕЧЬСЯ	107559-N	НАСЫПЬ
СПЕЧЬСЯ	117346-N	СОПЕТЬ
СПЕЧЬСЯ	151302-N	ЗАСНУТЬ (ОПУСТЕТЬ И ЗАТИХНУТЬ)
СПЕЧЬСЯ	120389-N	НАНИЗАТЬ (НАДЕТЬ)
СПЕЧЬСЯ	120742-N	НАРЫ ДЛЯ СНА
СПЕЧЬСЯ	129194-N	СПЕЧЬ (СКРЕПИТЬ)
СПЕЧЬСЯ	127068-N	НАКИПЬ (ПЕНА)
СПЕЧЬСЯ	100310-N	СПИТАК
СПЕЧЬСЯ	111062-N	НАМАЗ
СПЛЮЩИТЬ	119987-N	СГУСТИТЬ
СПЛЮЩИТЬ	130458-N	ВЫПАРИВАНИЕ ЖИДКОСТИ
СПЛЮЩИТЬ	117671-N	ВСПЫЛИТЬ
СПЛЮЩИТЬ	117002-N	КЛЯНЧИТЬ
СПЛЮЩИТЬ	119493-N	СГУСТИТЬСЯ
СПЛЮЩИТЬ	113655-N	СЛАСТИТЬ
СПЛЮЩИТЬ	114452-N	СПУСТИТЬСЯ ВНИЗ
СПЛЮЩИТЬ	113672-N	ВЫЛОМАТЬ
СПЛЮЩИТЬ	110917-N	ВЫТАЩИТЬ НАРУЖУ
СПЛЮЩИТЬ	116349-N	РАСПАХНУТЬ
СТЕСАТЬ	120389-N	НАНИЗАТЬ (НАДЕТЬ)
СТЕСАТЬ	107112-N	СТОНАТЬ
СТЕСАТЬ	118540-N	НАДУТЬ (НАНЕСТИ)
СТЕСАТЬ	116045-N	НАКАТИТЬ (ПОМЕСТИТЬ)
СТЕСАТЬ	132736-N	НАВЕСИТЬ (НАДЕТЬ)
СТЕСАТЬ	115157-N	СКАТИТЬ ВНИЗ
СТЕСАТЬ	111806-N	СТЛАТЬ, СДЕЛАТЬ НАСТИЛ
СТЕСАТЬ	118317-N	НАНЕСТИ (ОТМЕТИТЬ, НАЧЕРТИТЬ)
СТЕСАТЬ	132740-N	НАВЯЗАТЬ (ЗАСТАВИТЬ ВЗЯТЬ)
СТЕСАТЬ	107176-N	НАСТИЛ (ПОКРЫТИЕ)
СФОРМОВАТЬ	139746-N	ФОРМИРОВАТЬ (СОСТАВЛЯТЬ В ОПРЕДЕЛЕННОМ ПОРЯДКЕ)
СФОРМОВАТЬ	106558-N	ПРИДАВАТЬ ФОРМУ, ФОРМИРОВАТЬ
СФОРМОВАТЬ	131393-N	ЗАЛОЖИТЬ ЗАКЛАДКУ
СФОРМОВАТЬ	112043-N	ОФОРМЛЕНИЕ (ВНЕШНИЙ ВИД)
СФОРМОВАТЬ	120389-N	НАНИЗАТЬ (НАДЕТЬ)
СФОРМОВАТЬ	139160-N	ФОРМАТ (СТРОЕНИЕ)
СФОРМОВАТЬ	125859-N	ФОРМИРОВАТЬСЯ, СЛАГАТЬСЯ (ПРИОБРЕТАТЬ ЗАКОНЧЕННОСТЬ )
СФОРМОВАТЬ	112078-N	СОСТАВИТЬ (СОБРАВ СОЕДИНИТЬ)
СФОРМОВАТЬ	135614-N	ФОРМАЛИЗАЦИЯ
СФОРМОВАТЬ	111936-N	СЛОЖИТЬ (СОЧИНИТЬ)
СЮСЮКАТЬ	121107-N	СОСУЛЬКА
СЮСЮКАТЬ	118540-N	НАДУТЬ (НАНЕСТИ)
СЮСЮКАТЬ	5377-N	СУДАК
СЮСЮКАТЬ	120389-N	НАНИЗАТЬ (НАДЕТЬ)
СЮСЮКАТЬ	9683-N	СИНУСИТ
СЮСЮКАТЬ	109864-N	СЮРТУК
СЮСЮКАТЬ	120202-N	ТУСОВАТЬСЯ
СЮСЮКАТЬ	115869-N	ЗАСУНУТЬ
СЮСЮКАТЬ	142849-N	НЕСУШКА
СЮСЮКАТЬ	100839-N	СУПОЙ
ТОЛОЧЬ	114118-N	ТОЛКАТЬ, ПИХАТЬ
ТОЛОЧЬ	134193-N	РАСТОЛКАТЬ В РАЗНЫЕ СТОРОНЫ
ТОЛОЧЬ	114248-N	НАКОВАЛЬНЯ
ТОЛОЧЬ	105544-N	НАЛЬЧИК
ТОЛОЧЬ	5249-N	НАВОЛОЧКА
ТОЛОЧЬ	124784-N	НАЛЕЧЬ, НАВАЛИТЬСЯ
ТОЛОЧЬ	117015-N	НАЕХАТЬ (НАТОЛКНУТЬСЯ)
ТОЛОЧЬ	120560-N	ТОЛКАТЬ ОТ СЕБЯ
ТОЛОЧЬ	103008-N	БОЛОНЬ
ТОЛОЧЬ	113204-N	БОЛОНЬЯ (ТКАНЬ)
ТЩИТЬСЯ	123851-N	ТАИТЬСЯ, КРЫТЬСЯ
ТЩИТЬСЯ	120389-N	НАНИЗАТЬ (НАДЕТЬ)
ТЩИТЬСЯ	117325-N	ТОМИТЬСЯ
ТЩИТЬСЯ	128639-N	ОСЛАБИТЬ НАТЯЖЕНИЕ
ТЩИТЬСЯ	111066-N	НАКЛОНИТЬСЯ, СКЛОНИТЬСЯ
ТЩИТЬСЯ	140441-N	БРАТЬ С СОБОЙ
ТЩИТЬСЯ	117870-N	ПРИТАИТЬСЯ
ТЩИТЬСЯ	111114-N	НАКАЛИТЬСЯ, РАСКАЛИТЬСЯ
ТЩИТЬСЯ	124247-N	ТЕСНИТЬ, НАСЕДАТЬ
ТЩИТЬСЯ	118540-N	НАДУТЬ (НАНЕСТИ)
УВОЛОЧЬ	101370-N	УВОДЬ
УВОЛОЧЬ	130352-N	ВЫВОЛОЧЬ НАРУЖУ
УВОЛОЧЬ	5249-N	НАВОЛОЧКА
УВОЛОЧЬ	115287-N	ЗАГНАТЬ ВНУТРЬ
УВОЛОЧЬ	137804-N	ВЪЕХАТЬ ВВЕРХ
УВОЛОЧЬ	116081-N	ВНИКНУТЬ
УВОЛОЧЬ	124784-N	НАЛЕЧЬ, НАВАЛИТЬСЯ
УВОЛОЧЬ	119109-N	ВЪЕСТЬСЯ
УВОЛОЧЬ	116858-N	УВЕЗТИ С СОБОЙ
УВОЛОЧЬ	117015-N	НАЕХАТЬ (НАТОЛКНУТЬСЯ)
УЛЮЛЮКАТЬ	118540-N	НАДУТЬ (НАНЕСТИ)
УЛЮЛЮКАТЬ	111114-N	НАКАЛИТЬСЯ, РАСКАЛИТЬСЯ
УЛЮЛЮКАТЬ	120389-N	НАНИЗАТЬ (НАДЕТЬ)
УЛЮЛЮКАТЬ	117964-N	ОБНЮХАТЬ
УЛЮЛЮКАТЬ	120799-N	ПРОЩУПАТЬ, НАЩУПАТЬ
УЛЮЛЮКАТЬ	130352-N	ВЫВОЛОЧЬ НАРУЖУ
УЛЮЛЮКАТЬ	116045-N	НАКАТИТЬ (ПОМЕСТИТЬ)
УЛЮЛЮКАТЬ	5249-N	НАВОЛОЧКА
УЛЮЛЮКАТЬ	124784-N	НАЛЕЧЬ, НАВАЛИТЬСЯ
УЛЮЛЮКАТЬ	117002-N	КЛЯНЧИТЬ
УМЯТЬ	117369-N	УЗНАТЬ ЗНАКОМОЕ
УМЯТЬ	117370-N	ОПОЗНАТЬ (УЗНАТЬ)
УМЯТЬ	8269-N	ОПОЗНАНИЕ (СЛЕДСТВЕННОЕ ДЕЙСТВИЕ)
УМЯТЬ	117962-N	НАВЫК
УМЯТЬ	120389-N	НАНИЗАТЬ (НАДЕТЬ)
УМЯТЬ	137386-N	БРАТЬ ВО ВНИМАНИЕ
УМЯТЬ	118540-N	НАДУТЬ (НАНЕСТИ)
УМЯТЬ	117968-N	ВОЗОМНИТЬ СЕБЯ
УМЯТЬ	120943-N	НАТАСКАТЬ (ПОВЕРХНОСТНО НАУЧИТЬ)
УМЯТЬ	104882-N	НАНТ
УСЛАЖДАТЬ	133962-N	ПОДСЛУШАТЬ
УСЛАЖДАТЬ	140329-N	ПРОСЛУШИВАНИЕ ТЕЛЕФОННЫХ РАЗГОВОРОВ
УСЛАЖДАТЬ	137760-N	ПРИСЛУШАТЬСЯ К СЕБЕ
УСЛАЖДАТЬ	149912-N	ПРИГЛУШИТЬ ЗВУК
УСЛАЖДАТЬ	120389-N	НАНИЗАТЬ (НАДЕТЬ)
УСЛАЖДАТЬ	137386-N	БРАТЬ ВО ВНИМАНИЕ
УСЛАЖДАТЬ	113655-N	СЛАСТИТЬ
УСЛАЖДАТЬ	124784-N	НАЛЕЧЬ, НАВАЛИТЬСЯ
УСЛАЖДАТЬ	120981-N	ВСЛУШАТЬСЯ
УСЛАЖДАТЬ	131556-N	ЗАСЛУШАТЬ ПУБЛИЧНО
УТОНЧИТЬ	127223-N	УТОНЧИТЬСЯ
УТОНЧИТЬ	127224-N	ОБОСТРИТЬСЯ, ЗАОСТРИТЬСЯ
УТОНЧИТЬ	118540-N	НАДУТЬ (НАНЕСТИ)
УТОНЧИТЬ	120389-N	НАНИЗАТЬ (НАДЕТЬ)
УТОНЧИТЬ	112018-N	УТОЛИТЬ (УДОВЛЕТВОРИТЬ)
УТОНЧИТЬ	110917-N	ВЫТАЩИТЬ НАРУЖУ
УТОНЧИТЬ	120943-N	НАТАСКАТЬ (ПОВЕРХНОСТНО НАУЧИТЬ)
УТОНЧИТЬ	146624-N	ЗАУЧИТЬ (УТОМИТЬ)
УТОНЧИТЬ	118288-N	НАВОДНИТЬ
УТОНЧИТЬ	144692-N	ИСТОНЧИТЬСЯ
ФЛУОРЕСЦИРОВАТЬ	104111-N	ФЛОРЕНЦИЯ
ФЛУОРЕСЦИРОВАТЬ	130352-N	ВЫВОЛОЧЬ НАРУЖУ
ФЛУОРЕСЦИРОВАТЬ	118540-N	НАДУТЬ (НАНЕСТИ)
ФЛУОРЕСЦИРОВАТЬ	118288-N	НАВОДНИТЬ
ФЛУОРЕСЦИРОВАТЬ	117671-N	ВСПЫЛИТЬ
ФЛУОРЕСЦИРОВАТЬ	111874-N	ВЫКУРИТЬ НАРУЖУ
ФЛУОРЕСЦИРОВАТЬ	116204-N	НАСВИСТЫВАТЬ МЕЛОДИЮ
ФЛУОРЕСЦИРОВАТЬ	114701-N	ФОЛИАНТ
ФЛУОРЕСЦИРОВАТЬ	111114-N	НАКАЛИТЬСЯ, РАСКАЛИТЬСЯ
ФЛУОРЕСЦИРОВАТЬ	114568-N	ВПРЫСНУТЬ
ХЛОРИРОВАТЬ	133811-N	ХЛОРИД
ХЛОРИРОВАТЬ	2167-N	ХЛОР
ХЛОРИРОВАТЬ	115967-N	МЫЛИТЬ, НАМЫЛИВАТЬ
ХЛОРИРОВАТЬ	118288-N	НАВОДНИТЬ
ХЛОРИРОВАТЬ	111874-N	ВЫКУРИТЬ НАРУЖУ
ХЛОРИРОВАТЬ	141589-N	ТРЕТИРОВАТЬ
ХЛОРИРОВАТЬ	112240-N	ОТГОРОДИТЬ
ХЛОРИРОВАТЬ	118540-N	НАДУТЬ (НАНЕСТИ)
ХЛОРИРОВАТЬ	5674-N	ХЛОРНАЯ ИЗВЕСТЬ
ХЛОРИРОВАТЬ	8687-N	ЗАГАЗОВАННОСТЬ
ХРИСТОСОВАТЬСЯ	136046-N	КРИШНАИЗМ
ХРИСТОСОВАТЬСЯ	1906-N	КРЕСТЬЯНИН
ХРИСТОСОВАТЬСЯ	4861-N	КРЕСТЬЯНСТВО
ХРИСТОСОВАТЬСЯ	136952-N	ХРИСТИАНИЗАЦИЯ
ХРИСТОСОВАТЬСЯ	136047-N	КРИШНА
ХРИСТОСОВАТЬСЯ	125423-N	КРЕСТИТЬ, ОСЕНИТЬ КРЕСТОМ
ХРИСТОСОВАТЬСЯ	126554-N	КРЕСТНЫЙ СЫН
ХРИСТОСОВАТЬСЯ	145378-N	КРЕСТНЫЙ ХОД
ХРИСТОСОВАТЬСЯ	111066-N	НАКЛОНИТЬСЯ, СКЛОНИТЬСЯ
ХРИСТОСОВАТЬСЯ	120389-N	НАНИЗАТЬ (НАДЕТЬ)
ЦИВИЛИЗОВАТЬ	132752-N	ЦИВИЛИЗАЦИЯ
ЦИВИЛИЗОВАТЬ	132751-N	ВНЕЗЕМНАЯ ЦИВИЛИЗАЦИЯ
ЦИВИЛИЗОВАТЬ	100616-N	ЦИВИЛЬ
ЦИВИЛИЗОВАТЬ	143859-N	НОРМАЛИЗОВАТЬ
ЦИВИЛИЗОВАТЬ	140068-N	СОЦИАЛИЗАЦИЯ
ЦИВИЛИЗОВАТЬ	117962-N	НАВЫК
ЦИВИЛИЗОВАТЬ	136377-N	ГУМАНИЗАЦИЯ
ЦИВИЛИЗОВАТЬ	120057-N	НАИГРАННЫЙ
ЦИВИЛИЗОВАТЬ	1310-N	ГРАЖДАНИН
ЦИВИЛИЗОВАТЬ	120389-N	НАНИЗАТЬ (НАДЕТЬ)
ЧАВКАТЬ	117470-N	КИЧИТЬСЯ
ЧАВКАТЬ	107181-N	КЛЕВЕТАТЬ
ЧАВКАТЬ	116045-N	НАКАТИТЬ (ПОМЕСТИТЬ)
ЧАВКАТЬ	114248-N	НАКОВАЛЬНЯ
ЧАВКАТЬ	120389-N	НАНИЗАТЬ (НАДЕТЬ)
ЧАВКАТЬ	118540-N	НАДУТЬ (НАНЕСТИ)
ЧАВКАТЬ	120943-N	НАТАСКАТЬ (ПОВЕРХНОСТНО НАУЧИТЬ)
ЧАВКАТЬ	111114-N	НАКАЛИТЬСЯ, РАСКАЛИТЬСЯ
ЧАВКАТЬ	112660-N	ЧАБАН
ЧАВКАТЬ	112932-N	НАГАН
ЧЕРТЫХАТЬСЯ	129276-N	ДЕРГАТЬСЯ (НЕПРОИЗВОЛЬНЫЕ ДВИЖЕНИЯ)
ЧЕРТЫХАТЬСЯ	114693-N	СУДОРОГА
ЧЕРТЫХАТЬСЯ	135666-N	ШЕЛУШИТЬСЯ
ЧЕРТЫХАТЬСЯ	106746-N	АПРЕЛЬ
ЧЕРТЫХАТЬСЯ	120389-N	НАНИЗАТЬ (НАДЕТЬ)
ЧЕРТЫХАТЬСЯ	111114-N	НАКАЛИТЬСЯ, РАСКАЛИТЬСЯ
ЧЕРТЫХАТЬСЯ	117878-N	ШЕПТАТЬСЯ
ЧЕРТЫХАТЬСЯ	135654-N	ЧЕТВЕРЕНЬКИ
ЧЕРТЫХАТЬСЯ	110396-N	ЧЕТВЕРГ
ЧЕРТЫХАТЬСЯ	111066-N	НАКЛОНИТЬСЯ, СКЛОНИТЬСЯ
ЧОКАТЬСЯ	120389-N	НАНИЗАТЬ (НАДЕТЬ)
ЧОКАТЬСЯ	111114-N	НАКАЛИТЬСЯ, РАСКАЛИТЬСЯ
ЧОКАТЬСЯ	118770-N	ЖДАТЬ ТОГО, ЧТО ПРОИЗОЙДЕТ
ЧОКАТЬСЯ	117470-N	КИЧИТЬСЯ
ЧОКАТЬСЯ	123880-N	НАБАТ КОЛОКОЛА
ЧОКАТЬСЯ	111193-N	ТОПТАТЬ НОГАМИ
ЧОКАТЬСЯ	137386-N	БРАТЬ ВО ВНИМАНИЕ
ЧОКАТЬСЯ	116045-N	НАКАТИТЬ (ПОМЕСТИТЬ)
ЧОКАТЬСЯ	117014-N	НАЕСТЬСЯ, НАСЫТИТЬСЯ
ЧОКАТЬСЯ	118540-N	НАДУТЬ (НАНЕСТИ)
ШТОПАТЬ	107112-N	СТОНАТЬ
ШТОПАТЬ	102463-N	СТОХОД
ШТОПАТЬ	113018-N	ШТОФ (ТКАНЬ)
ШТОПАТЬ	107111-N	СТОН
ШТОПАТЬ	120389-N	НАНИЗАТЬ (НАДЕТЬ)
ШТОПАТЬ	127068-N	НАКИПЬ (ПЕНА)
ШТОПАТЬ	109423-N	НАСТОЙ
ШТОПАТЬ	119975-N	ШЛЕПАТЬ НОГАМИ
ШТОПАТЬ	115055-N	НАСТОЯТЬ, ПРИГОТОВИТЬ НАСТОЙКУ
ШТОПАТЬ	109039-N	НАСТ
